timestamp,volume_log,volume_extreme_log,ema_89,trend_strength,trend_acceleration,atr_14,atr_pct_14,volatility_zscore,atr_14_std,open,high,low,close,volume,symbol,indicators_fixed,volume_extreme
2021-12-31 17:00:00,0.1063743043224589,-0.07798228090756609,0.9718905173577213,-0.0037296500143431045,0.005858575493744388,0.47296063269728833,-0.01623987291060889,0.026348801933971423,0.011147585949992624,0.9693430718279014,0.9627651414577338,0.9617381133228325,0.9628094304084851,-0.19949862149778338,BNB/USDT,False,False
2021-12-31 18:00:00,-0.4928394237078646,-0.07798228090756609,0.9716877728732727,-0.0037296500143431045,0.005858575493744388,0.47296063269728833,-0.01623987291060889,0.026348801933971423,0.011147585949992624,0.9629317950854701,0.9509721861153264,0.9611776742961757,0.953750732331652,-0.43876520285033954,BNB/USDT,False,False
2021-12-31 19:00:00,0.5614085808550038,-0.07798228090756609,0.9702902222176507,-0.0037296500143431045,0.005858575493744388,0.47296063269728833,-0.01623987291060889,0.026348801933971423,0.011147585949992624,0.953872382297252,0.9386936384941145,0.9156420033803268,0.9001650490925364,0.078604635063436,BNB/USDT,False,False
2021-12-31 20:00:00,-0.005621001287509983,-0.07798228090756609,0.9689720750049413,-0.0037296500143431045,0.005858575493744388,0.47296063269728833,-0.01623987291060889,0.026348801933971423,0.011147585949992624,0.9002127834747272,0.9107373973000554,0.9087065704254512,0.9023252001723967,-0.2535261292487114,BNB/USDT,False,False
2021-12-31 21:00:00,-0.20637277327871797,-0.07798228090756609,0.968455208566376,-0.0037296500143431045,0.005858575493744388,0.47296063269728833,-0.01623987291060889,0.026348801933971423,0.011147585949992624,0.902512480567121,0.9258601282685536,0.9157120582586588,0.9368179351572626,-0.3388415480991161,BNB/USDT,False,False
2021-12-31 22:00:00,-0.586531568398122,-0.07798228090756609,0.9677954303258953,-0.0037296500143431045,0.005858575493744388,0.47296063269728833,-0.01623987291060889,0.026348801933971423,0.011147585949992624,0.9370079369530295,0.9356413441701977,0.9458356559414512,0.9299193881602894,-0.4666969352040974,BNB/USDT,False,False
2021-12-31 23:00:00,-0.7259749517402173,-0.07798228090756609,0.9671549925429638,-0.533547368054643,0.005858575493744388,0.47296063269728833,-0.01623987291060889,0.026348801933971423,0.011147585949992624,0.9299694700944906,0.934115197008239,0.9412120339715341,0.9301284350389858,-0.5045096232271873,BNB/USDT,False,False
2022-01-01 00:00:00,-0.40735844844609315,-0.07798228090756609,0.9674426964637397,0.833926419371065,0.6719582003306164,0.47296063269728833,-0.01623987291060889,0.026348801933971423,0.011147585949992624,0.9301785334665267,0.9582560702974019,0.9466763144814362,0.970962258677635,-0.41135108734103143,BNB/USDT,False,False
2022-01-01 01:00:00,-0.18460829247770832,-0.07798228090756609,0.9676928155049082,0.9765140382535122,0.5028986380479608,0.47296063269728833,-0.01623987291060889,0.026348801933971423,0.011147585949992624,0.9710155788041879,0.9744193561490534,0.9793218877841834,0.9695686128196611,-0.3302525518551075,BNB/USDT,False,False
2022-01-01 02:00:00,-1.074264361371354,-0.07798228090756609,0.9680434273062579,0.9356387889963623,-0.04568370264587286,0.47296063269728833,-0.01623987291060889,0.026348801933971423,0.011147585949992624,0.9696915107812948,0.9686616191289376,0.9872380890357079,0.9743070087367737,-0.5821410422370502,BNB/USDT,False,False
2022-01-01 03:00:00,-1.511958830720324,-0.07798228090756609,0.9684096413286032,0.9776048520848879,0.09957272076858753,0.47296063269728833,-0.01623987291060889,0.026348801933971423,0.011147585949992624,0.9744302805474395,0.965470584153933,0.9882188573323568,0.9753522431302543,-0.6530875952080505,BNB/USDT,False,False
2022-01-01 04:00:00,-0.7266991021718855,-0.07798228090756609,0.9682702134881859,0.9149278816360036,-0.439230512909337,0.47296063269728833,-0.01623987291060889,0.026348801933971423,0.011147585949992624,0.9754755974076184,0.9636669556898002,0.969724369452689,0.9531235916955633,-0.5046949822634912,BNB/USDT,False,False
2022-01-01 05:00:00,-0.0061292167536397615,-0.07798228090756609,0.9686532218390022,0.8047296265713525,-0.8073670731322631,0.47296063269728833,-0.01623987291060889,0.026348801933971423,0.011147585949992624,0.9531058165997872,0.9854492379104814,0.9676927779810583,0.9763277952308371,-0.2537602231327624,BNB/USDT,False,False
2022-01-01 06:00:00,-0.6824102750135945,-0.07798228090756609,0.968545810849329,0.6211555876946684,-1.1254276301939519,0.47296063269728833,-0.01623987291060889,0.026348801933971423,0.011147585949992624,0.9764512264771195,0.9672742126180658,0.9688837109127041,0.9547959667251326,-0.49315468139351015,BNB/USDT,False,False
2022-01-01 07:00:00,-0.5184097666199123,-0.07798228090756609,0.9685842674826087,0.48142949322334117,-0.9432103011705074,0.3809282319989828,-0.10258556042398165,-2.7571577371097704,-2.8543155104623157,0.9548480113667523,0.949931631232173,0.9629290462544775,0.9612067376718144,-0.44660123875436664,BNB/USDT,False,False
2022-01-01 08:00:00,-0.7927602176239171,-0.07798228090756609,0.9686249886699526,0.35048591441654525,-0.8648247692589154,0.26138834914346804,-0.21079233572799896,-2.609904208128441,-2.7027263019607837,0.9617471026439341,0.9537469991370698,0.9717559609243189,0.9613461022576117,-0.5211522266185848,BNB/USDT,False,False
2022-01-01 09:00:00,-0.858019890160361,-0.07798228090756609,0.9686071007426015,0.3734284260986525,-0.33303893485482183,0.24910951780674864,-0.22080679951656185,-1.987513533937709,-2.062010182408426,0.9614683514812192,0.9547181836946798,0.9613177840528397,0.9587678574203591,-0.5365621577071322,BNB/USDT,False,False
2022-01-01 10:00:00,-0.4408696715446123,-0.07798228090756609,0.9683743892566401,0.14162667668176998,-1.0914624730085474,0.2877707550336258,-0.18161932518087065,-1.3711043192889105,-1.4274516383241622,0.9591686543888258,0.9527064442539157,0.9531213632879871,0.9491517010003359,-0.4223265638217362,BNB/USDT,False,False
2022-01-01 11:00:00,-1.0386257839701811,-0.07798228090756609,0.9680548343325532,0.058220035501536684,-0.5841008560618091,0.19297759186983088,-0.26596865240442313,-1.8099282683957583,-1.8791961606918264,0.9494123636938206,0.9448675974674922,0.9612477291745077,0.945040445719312,-0.5751714036263081,BNB/USDT,False,False
2022-01-01 12:00:00,-0.8772129222672621,-0.07798228090756609,0.9682508014130804,0.11694358021300545,-0.1335129489562184,0.206067738478411,-0.26348216553627724,-1.4746165427744768,-1.5340116381894302,0.9451614084624266,0.957284885739792,0.9618782230794966,0.9677568732042945,-0.5409403797983435,BNB/USDT,False,False
2022-01-01 13:00:00,-1.2407328138097697,-0.07798228090756609,0.9684720455557849,0.18531078803088813,-0.10113733657133288,0.08182958181273735,-0.3761790993230377,-1.9051092063781794,-1.9771795717041223,0.9679493160143298,0.9590885142039247,0.9806529304724925,0.9690808367693697,-0.6121431031228872,BNB/USDT,False,False
2022-01-01 14:00:00,-1.280852317689014,-0.07798228090756609,0.9685807626279311,0.231753759435854,-0.16580143411068798,0.002729779107639932,-0.4458490205348921,-1.9252030173625598,-1.9978650175740669,0.9691340084558657,0.9613777349468621,0.9793919426625154,0.9642727585593585,-0.6187847881428056,BNB/USDT,False,False
2022-01-01 15:00:00,-0.43753781351206994,-0.07798228090756609,0.9690254910968736,0.5075730085571494,0.55258046669315,0.087687891175265,-0.374815418200309,-1.3358625648664044,-1.3911722384614231,0.9643255508990425,0.9801077228436267,0.9791117231491866,0.9793938161183803,-0.42124870449677276,BNB/USDT,False,False
2022-01-01 16:00:00,0.5394817323477945,-0.07798228090756609,0.9698767426905492,0.9543220264851299,1.142174148136862,0.3053051072441855,-0.18695610565017462,-0.2563128490189884,-0.27983665217396,0.9795174892669777,1.0082027046887727,0.9894798451423339,0.9979989883223381,0.0627063835773751,BNB/USDT,False,False
2022-01-01 17:00:00,-0.3361905249680391,-0.07798228090756609,0.9711644728856738,1.2779446971810886,0.9777666437140384,0.35328140298048305,-0.15291643493174814,-0.01440641107845007,-0.03080760877846542,0.9981241293781644,1.0106306660827977,1.0095155403453075,1.0183462178487646,-0.3870233733433313,BNB/USDT,False,False
2022-01-01 18:00:00,-0.6263414043572761,-0.07798228090756609,0.9722613912666809,1.436044347802849,0.6619094807543946,0.2592779088921646,-0.23362991736794883,-0.48250494308385533,-0.5126886642499813,1.018472964256317,1.0077864827355116,1.0235965708900545,1.0110992593872974,-0.4779341358671487,BNB/USDT,False,False
2022-01-01 19:00:00,-1.1537517155670083,-0.07798228090756609,0.9734945696982673,1.5988141017696298,0.9520537180737422,0.1374694849730417,-0.3450798401988727,-1.0497408614257784,-1.096626071318808,1.0111557462350633,1.0061215949224658,1.0269592050499943,1.018276535555866,-0.5969751801244353,BNB/USDT,False,False
2022-01-01 20:00:00,-0.3850610038801655,-0.07798228090756609,0.9749451971190032,1.6619057863278397,0.761161268208205,0.10753730119797147,-0.37584054389368293,-1.1273867649452358,-1.1765581526707818,1.01833358867496,1.0244353608659686,1.0359962843548318,1.0292166555409645,-0.4038803545265289,BNB/USDT,False,False
2022-01-01 21:00:00,-0.8172802598685124,-0.07798228090756609,0.9762544182678226,1.5765930165329527,0.009553593920145648,0.0687100923709684,-0.40853438282285326,-1.23021832417814,-1.2824174470519087,1.0296230107648938,1.0238110279360761,1.0369770526514814,1.0243388950380545,-0.5270385909212805,BNB/USDT,False,False
2022-01-01 22:00:00,-1.0645538490889657,-0.07798228090756609,0.977592249812755,1.4300754784041603,-0.5472075074101469,-0.013122526079953284,-0.48218132624398885,-1.4804682784590328,-1.5400356702579212,1.0244661142546772,1.0171514766838938,1.0362765038681605,1.0269171398753072,-0.5802620431072382,BNB/USDT,False,False
2022-01-01 23:00:00,-0.47249366854029407,-0.07798228090756609,0.9791951110567296,1.4138414164432218,0.10009342627197527,0.0005551502268778354,-0.47460314469432235,-1.3189952910080673,-1.3738083307068722,1.0269748747191068,1.0297768759328234,1.0384482050964545,1.0400870932331652,-0.4324124557739029,BNB/USDT,False,False
2022-01-02 00:00:00,-0.34991082466894885,-0.07798228090756609,0.9804442002786603,1.3044715466329528,-0.5959355545913779,-0.0015973667803195054,-0.4715778133774516,-1.2456768995750576,-1.2983311791382692,1.0403549305293984,1.0272101738877113,1.0376075465564696,1.025871905481826,-0.39182396411501896,BNB/USDT,False,False
2022-01-02 01:00:00,-0.9268643975574858,-0.07798228090756609,0.9813177471928486,1.0996590595099072,-1.3783525137466446,-0.0365182289297767,-0.4973106152038863,-1.3032531133334087,-1.3576026460601256,1.0259295578589271,1.011948702268126,1.0263287111450055,1.0103327541654121,-0.5519537611606296,BNB/USDT,False,False
2022-01-02 02:00:00,-1.0867319517338894,-0.07798228090756609,0.9821905968288763,0.9527188152491257,-1.1234401035882011,-0.11384482667565643,-0.5665954187922976,-1.4932459011457073,-1.5531895126344242,1.0105285561189563,1.00542789166703,1.0256281623616852,1.0111689416801968,-0.5845318266910686,BNB/USDT,False,False
2022-01-02 03:00:00,-1.7052947050255178,-0.07798228090756609,0.9830378115144963,0.8103954395511329,-1.1469809104334805,-0.19374719427734835,-0.637807382098514,-1.6443537879779393,-1.708746565302014,1.0110860584443848,1.0036936335284408,1.0254880526050205,1.0108902125086012,-0.6772131498373174,BNB/USDT,False,False
2022-01-02 04:00:00,-0.24309007281734482,-0.07798228090756609,0.9832922763588174,0.4949319719653239,-2.098523505407846,-0.06634460878291039,-0.515460124748094,-1.1234949471445412,-1.1725517455977517,1.0109466828630276,0.9956466757653867,0.9927724244239415,0.9852471287218729,-0.3529903435121975,BNB/USDT,False,False
2022-01-02 05:00:00,-0.7980696402807659,-0.07798228090756609,0.9840744603802153,0.38114619671178146,-0.9234347873811308,-0.014756347874822417,-0.4774514720796234,-0.9059734372769876,-0.948625611256608,0.9853712636839805,0.9937736769757104,0.9982367049338432,1.0090784728932347,-0.5224368272207441,BNB/USDT,False,False
2022-01-02 06:00:00,-1.227664897675802,-0.07798228090756609,0.9845788138506025,0.29106329530679076,-0.7753070850272588,-0.10226791139405024,-0.5517678324045248,-1.1597479381150568,-1.2098721564907935,1.0092044880960624,0.9932187143713616,1.014209217193557,0.9974415299791488,-0.6099324015678095,BNB/USDT,False,False
2022-01-02 07:00:00,-1.0706877944694548,-0.07798228090756609,0.9851873678649326,0.22577446568924922,-0.6244005993620138,-0.15794190192275137,-0.6032560855051288,-1.282014700035447,-1.3357388966210568,0.9974969392620575,0.9921781594882081,1.0106364183986205,1.0025980196536541,-0.5814507013168237,BNB/USDT,False,False
2022-01-02 08:00:00,-1.204820132697565,-0.07798228090756609,0.9857574452894049,0.15786942718353464,-0.62747839163616,-0.1809809880626843,-0.6235181070254717,-1.2894408163048623,-1.3433836647655524,1.0027235235629528,0.9902357903729883,1.0055224122803796,1.0014831029672742,-0.606010704204214,BNB/USDT,False,False
2022-01-02 09:00:00,-0.9228643660941698,-0.07798228090756609,0.98646301375761,0.2618587173880573,0.33304845059560495,-0.16677232838955172,-0.6128693728383987,-1.1868810648285566,-1.2378041811500646,1.0016085189120947,1.0060522245969223,1.017221576961836,1.0081029207926526,-0.551082920804302,BNB/USDT,False,False
2022-01-02 10:00:00,-1.6597607392546712,-0.07798228090756609,0.9871341880510345,0.2314198486317788,-0.4151773939149241,-0.2637088811631505,-0.6991980998682191,-1.4147603359366272,-1.4723930468984596,1.0081591712358837,0.9979358965083248,1.0226858574717377,1.007266733277868,-0.6718687003800853,BNB/USDT,False,False
2022-01-02 11:00:00,-1.4109207311720506,-0.07798228090756609,0.9878559494243668,0.2805881034803289,0.03089070003277649,-0.29841766918156865,-0.7310177012567459,-1.4365944215683832,-1.4948700074315564,1.0074622933290975,1.004317966458333,1.0229660769850664,1.010193389579614,-0.6388822895868974,BNB/USDT,False,False
2022-01-02 12:00:00,-0.8902863440078871,-0.07798228090756609,0.9886926757844822,0.33215203721674386,0.045215047613743474,-0.2663097448568881,-0.7040339111105335,-1.277474820630958,-1.3310653466533264,1.0101801171655629,1.0071621498056194,1.018062235501821,1.0160467021831066,-0.5438836313725514,BNB/USDT,False,False
2022-01-02 13:00:00,-1.269359892495515,-0.07798228090756609,0.9892893488655478,0.3337372632074576,-0.23323680214431516,-0.26985744414194546,-0.7043713732201864,-1.2325638408839499,-1.284832024301232,1.0162429549546015,1.0031386709240926,1.0179221257451567,1.0061518165914887,-0.6169044005557929,BNB/USDT,False,False
2022-01-02 14:00:00,-1.1601627140241642,-0.07798228090756609,0.9900349581323711,0.33882967291737576,-0.21136264198119772,-0.3093490250190998,-0.7416578024470339,-1.2864219047726704,-1.3402758654967204,1.0062776008875616,1.000086376600175,1.0193932781901298,1.0133987750529554,-0.5981302376697619,BNB/USDT,False,False
2022-01-02 15:00:00,-0.45031298173498396,-0.07798228090756609,0.991124259657511,0.4389160317237341,0.3259017113344613,-0.24104745879608308,-0.6854304605303051,-1.0571381242503202,-1.10424113646806,1.0137341944901717,1.0210362149143335,1.027729808711647,1.0294953847125599,-0.4253656189427977,BNB/USDT,False,False
2022-01-02 16:00:00,0.4556147864416839,-0.07798228090756609,0.9930440004626905,0.7313862168285131,1.3989832204688843,-0.050191638555495036,-0.5286710589777941,-0.5156136141608875,-0.5467721750345766,1.0296230107648938,1.056415080941555,1.046994900252968,1.0676812812210574,0.00445463363880217,BNB/USDT,False,False
2022-01-02 17:00:00,0.5110568437701097,-0.07798228090756609,0.9947354911791708,0.924401420233483,0.8896094851879407,0.02893667964527243,-0.45625355363078773,-0.2896943894660395,-0.3142010665953757,1.0678119200567677,1.0695954427948333,1.0710937783992023,1.0593890883661103,0.0425153001179509,BNB/USDT,False,False
2022-01-02 18:00:00,0.2699828206540098,-0.07798228090756609,0.9959542723579767,1.0474517447864096,0.5491247149476552,0.23141672543561417,-0.2701710254214304,0.28089729872073493,0.2731909163889715,1.0595190729660142,1.04524645852904,1.029761400183277,1.0399477286473677,-0.1111508121208808,BNB/USDT,False,False
2022-01-02 19:00:00,-0.3567148056278002,-0.07798228090756609,0.9973908224648822,1.175146197601737,0.6378221375306371,0.19231980368574622,-0.3090627564413766,0.1876748561449353,0.1566905033915616,1.0400761793666842,1.041014868670882,1.0523190710062056,1.0508878486324662,-0.39418475789350066,BNB/USDT,False,False
2022-01-02 20:00:00,-0.9620658140675605,-0.07798228090756609,0.9989233342185772,1.2329953044625497,0.27596549589280794,0.10128927202554168,-0.391514051425005,-0.05636052683183345,-0.11255254975690657,1.0508777869218675,1.044968977226866,1.0634577966610057,1.0566017966501617,-0.5594961383666923,BNB/USDT,False,False
2022-01-02 21:00:00,-1.0828968727415396,-0.07798228090756609,1.0003640859561036,1.0790102127375578,-1.0468932908820887,0.028559005968203568,-0.4547102025484013,-0.2494949472211171,-0.3269524577719988,1.056522497966834,1.0493393077361108,1.0671006503342735,1.054023551812909,-0.5837989989804984,BNB/USDT,False,False
2022-01-02 22:00:00,-1.291164845155599,-0.07798228090756609,1.0020660207043226,1.0478882265779634,-0.32917999583726587,-0.03559441153267119,-0.5156595162606511,-0.41892079260231874,-0.5138527065176011,1.0539440497117256,1.0539871195475299,1.0719344369391863,1.0671238228778681,-0.620457184841142,BNB/USDT,False,False
2022-01-02 23:00:00,-0.9350710103823049,-0.07798228090756609,1.0036817879186828,1.1052072520045748,0.23735646935655122,-0.1281712083224645,-0.596345880477637,-0.6741291901673003,-0.7804863989452921,1.0675331688940535,1.0591898939632978,1.0818121747840095,1.0649636717980075,-0.5537315417605048,BNB/USDT,False,False
2022-01-03 00:00:00,-0.7422025930338386,-0.07798228090756609,1.0047064412221487,0.9805585635198719,-0.9454172482696902,-0.08850876533039918,-0.5534718814283848,-0.5269604026526442,-0.6497367779416899,1.0651637840109807,1.0496167890382848,1.057152857611119,1.040156775526064,-0.5086372287936581,BNB/USDT,False,False
2022-01-03 01:00:00,-1.0833685260302341,-0.07798228090756609,1.0059375816769272,0.888501664816195,-0.7681795432313905,-0.12416716376952422,-0.5882666059855293,-0.6140624930132204,-0.7454071196560086,1.04028524273872,1.0395580918344676,1.0557517600444772,1.0504000725821758,-0.5838892486985489,BNB/USDT,False,False
2022-01-03 02:00:00,-0.8563276485675317,-0.07798228090756609,1.0067124808916763,0.7199194696231388,-1.2747450656544692,-0.06262818836085758,-0.5276030157372699,-0.39276455107424807,-0.5503694106938329,1.0506687235498318,1.0345634283953302,1.0391487538797755,1.0312374420350279,-0.5361728343080344,BNB/USDT,False,False
2022-01-03 03:00:00,-0.5505751095659437,-0.07798228090756609,1.007205032721135,0.43275399300540307,-1.9676903625848248,-0.03338559507377914,-0.49761790638140446,-0.2720475280461327,-0.45543227415065907,1.0312955177411796,1.0202731413333541,1.027729808711647,1.0193914522422454,-0.4562290786759969,BNB/USDT,False,False
2022-01-03 04:00:00,-0.7951113861475583,-0.07798228090756609,1.0075805879932878,0.1407026187626033,-1.9119548749616626,-0.08031557042626258,-0.5378321608907032,-0.40864418006100667,-0.5919285349677424,1.019518281116496,1.013058627476823,1.029481180669949,1.0146530563251328,-0.5217217717623438,BNB/USDT,False,False
2022-01-03 05:00:00,-0.6760081535381637,-0.07798228090756609,1.0083922758855548,0.08949287423358239,-0.48710266050606754,-0.029105555134764042,-0.4989689123084749,-0.2020305920791426,-0.4288796209695564,1.0142916968156006,1.0214524368675952,1.0264688209016701,1.034512509801267,-0.4914517386367568,BNB/USDT,False,False
2022-01-03 06:00:00,-1.0045476336884394,-0.07798228090756609,1.008738328830361,-0.12069004779550968,-1.3806693593089143,-0.026182791175894025,-0.48952772576920583,-0.16343785254171025,-0.4153284527147835,1.034710219484431,1.0193713271012876,1.0295512355482812,1.0145136917393347,-0.5683147854317094,BNB/USDT,False,False
2022-01-03 07:00:00,-1.3717503016872477,-0.07798228090756609,1.0093511765502114,-0.1583202495462004,-0.38234635238676445,-0.07799496126056484,-0.5397719660447406,-0.3394275296744747,-0.5701677939199323,1.015406701466458,1.0120180725936696,1.0289207416432922,1.026777775289509,-0.6330525743379936,BNB/USDT,False,False
2022-01-03 08:00:00,-1.076686547837066,-0.07798228090756609,1.010051777674067,-0.10691651591557877,0.1293555767128602,-0.16547861154556298,-0.6188952320576804,-0.6817781294359905,-0.8304104781550481,1.0269051869284276,1.0203425116588976,1.0426514977963792,1.0313071243279266,-0.5826074250107913,BNB/USDT,False,False
2022-01-03 09:00:00,-0.843697791682843,-0.07798228090756609,1.010786716218693,-0.018782789711650514,0.3376990736317372,-0.15781901641277982,-0.6127875714946548,-0.6295309799700205,-0.7935211760828821,1.0314348933225375,1.0228398433784662,1.0347352965448546,1.0335369577006852,-0.533250131900398,BNB/USDT,False,False
2022-01-03 10:00:00,-0.5224154859237882,-0.07798228090756609,1.0117221034367243,0.011644181634730901,0.005788621036925006,-0.15958460251490378,-0.6173342928448647,-0.6122005614003224,-0.7866021249739396,1.0338042782056094,1.0346327987208737,1.0476954490362889,1.043222796413607,-0.4478140561192457,BNB/USDT,False,False
2022-01-03 11:00:00,-0.43672885589876254,-0.07798228090756609,1.0131544824939553,0.27960342458439247,1.3388131547089384,-0.08884122093545334,-0.5622081546728237,-0.2654376726978859,-0.5584124588861574,1.0431424421565423,1.056276340290468,1.0605154917710582,1.0663573176559822,-0.420986563777266,BNB/USDT,False,False
2022-01-03 12:00:00,-0.31041553697957025,-0.07798228090756609,1.0142821056379427,0.4045001068904021,0.5285985565123634,-0.08691786354595156,-0.5565977639302252,-0.23100716682686148,-0.5461690923701572,1.0666272276152318,1.0601610785209077,1.0718643820608542,1.0541629163987063,-0.3778584450524402,BNB/USDT,False,False
2022-01-03 13:00:00,-0.5944314401391637,-0.07798228090756609,1.0156451191737104,0.5645144967630834,0.7283915018323122,-0.10598057845526455,-0.5770974056410713,-0.3012878808084338,-0.5992014766063057,1.054292488665119,1.0579412281035137,1.0722146564525152,1.0657998593127922,-0.46895595506976223,BNB/USDT,False,False
2022-01-03 14:00:00,-0.1491637162962185,-0.07798228090756609,1.0166550119176343,0.6257074868031757,0.17661269525262738,-0.008768792548288806,-0.48672658365839316,0.20819942147114387,-0.2889705709037076,1.066000037499124,1.063352113495912,1.0634577966610057,1.0513756246827577,-0.31593450350925134,BNB/USDT,False,False
2022-01-03 15:00:00,-0.4343385244767327,-0.07798228090756609,1.0173913713544571,0.5682608605906025,-0.4969322857850257,0.017774628968513718,-0.45938356123356466,0.352041514907079,-0.20279202068482768,1.051504977037975,1.0453851991801268,1.0525292356412017,1.040156775526064,-0.4202109715849118,BNB/USDT,False,False
2022-01-03 16:00:00,0.7087297049372754,-0.07798228090756609,1.017102323544869,0.12914943671174312,-2.5145008629404737,0.2956972847604807,-0.19430988953923017,1.6670728156110342,0.6804693562680554,1.04028524273872,1.0316498747224998,1.0067834000903566,0.9950723320205922,0.19312000307478874,BNB/USDT,False,False
2022-01-03 17:00:00,0.3543234509080347,-0.07798228090756609,1.0163128378088173,-0.359147231702646,-2.5942953487781284,0.36120216713675335,-0.12548837986645997,1.8559385910440247,0.8776258238994694,0.9951275543789848,0.9916231968838592,0.9882889122106888,0.9724255868285083,-0.06078952560860544,BNB/USDT,False,False
2022-01-03 18:00:00,0.09299500729821775,-0.07798228090756609,1.015489430292642,-0.9064474128705442,-2.7283335102683246,0.2823901148030801,-0.19557900256813032,1.5017083651562568,0.6181494688792296,0.9724790224084388,0.9688003597800245,0.9821941377957982,0.9701260711628503,-0.2062154220522639,BNB/USDT,False,False
2022-01-03 19:00:00,0.12881010620014804,-0.07798228090756609,1.0142507594391426,-1.4338755213839263,-2.617514143748635,0.30933055746442567,-0.16275679606822926,1.6507121834505512,0.6967214259550626,0.9702490131067232,0.9663030280604559,0.9677628328593911,0.9507543937370065,-0.18806939720386456,BNB/USDT,False,False
2022-01-03 20:00:00,0.9237038700791307,-0.07798228090756609,1.0126918298351326,-1.902807677575377,-2.5093472919505864,0.35340856575114266,-0.11569644377838037,1.8062984984334607,0.8274867426569646,0.9508061195073931,0.940913488911509,0.9395307168915646,0.9352152424205921,0.3869561259721901,BNB/USDT,False,False
2022-01-03 21:00:00,0.18300462476189694,-0.07798228090756609,1.0110614921501153,-2.0861693208096153,-1.4252378392638994,0.35127077722372035,-0.11547997927399513,1.7061956008276145,0.8099343666552817,0.9354051177674215,0.9373062319832435,0.9409318144582061,0.9304768465034795,-0.15958353158127647,BNB/USDT,False,False
2022-01-03 22:00:00,-0.031985073438480664,-0.07798228090756609,1.009687283978411,-2.0825689388637145,-0.5952510704998399,0.40488377960016736,-0.07117483581223069,1.8182544139433827,0.9671676277171207,0.9306663480012768,0.9486135950468455,0.9454153266714588,0.9403020498021987,-0.26554280978427897,BNB/USDT,False,False
2022-01-03 23:00:00,-0.4563605650110018,-0.07798228090756609,1.0082219670754087,-2.086219751563527,-0.6510418412385907,0.3157654312666451,-0.1498441929601661,1.3825040680125371,0.6738008731144052,0.9404226386962812,0.9355026035191106,0.9491282352230586,0.9348668309560988,-0.42729960097776043,BNB/USDT,False,False
2022-01-04 00:00:00,0.46075774179298196,-0.07798228090756609,1.0063119834453185,-2.0903892448541694,-0.6762123289811874,0.38195612152898045,-0.07956365495264069,1.5523970160460294,0.8746657181444375,0.9349869910233503,0.9270394238027948,0.9226474912135343,0.9135440493290906,0.007913280525938616,BNB/USDT,False,False
2022-01-04 01:00:00,0.20023041818231607,-0.07798228090756609,1.0040514315106581,-2.0949501011167193,-0.702114921361671,0.3922595358733275,-0.0617804805062583,1.502143471584726,0.8952432391781736,0.9138019026570547,0.9078932139527688,0.9091969545737757,0.8959841115186135,-0.1502624018552979,BNB/USDT,False,False
2022-01-04 02:00:00,0.9524512383026547,-0.07798228090756609,1.001680478048833,-2.1010264528438958,-0.7371476822064438,0.4695408969605772,0.013003646299026752,1.6713572591707178,1.1223789451080946,0.8961012038246898,0.8880533008473077,0.8806145642142891,0.8888068353500451,0.41554904164495815,BNB/USDT,False,False
2022-01-04 03:00:00,0.06224544068790535,-0.07798228090756609,0.9999330161440861,-2.046361079626402,-0.3279606961818346,0.5757362853609188,0.09770518524728646,1.8823551784574353,1.423705319283385,0.8888536735941149,0.9083094359060303,0.89616674720401,0.9143105545509767,-0.2213776523761926,BNB/USDT,False,False
2022-01-04 04:00:00,-0.29615646946835117,-0.07798228090756609,0.9979748550529433,-2.0160653969869813,-0.45743716919062816,0.4963326902102582,0.030501573043003032,1.5202083501186843,1.1525206504277345,0.9144290927731624,0.9085869172082047,0.9178837594869531,0.9031613876871813,-0.37270490846031495,BNB/USDT,False,False
2022-01-04 05:00:00,-0.2784554763688943,-0.07798228090756609,0.9962333212509745,-1.893956142986251,0.28076134007836007,0.4605715884895756,-0.006186546069484974,1.3346037633444545,1.02472095094614,0.9032093584739072,0.9060202151630925,0.911158491167074,0.9108961221989393,-0.3662234514013662,BNB/USDT,False,False
2022-01-04 06:00:00,-0.6053808541221489,-0.07798228090756609,0.994780019873328,-1.6977350204076527,0.9868589883295292,0.3690705401011168,-0.0953333203723213,1.0050595088376542,0.7323514998406022,0.9110143910299108,0.9071301403717899,0.9198452960802515,0.9220452890627342,-0.4720630445936617,BNB/USDT,False,False
2022-01-04 07:00:00,-0.2255330968939956,-0.07798228090756609,0.9936615712355674,-1.4599860582162096,1.4564648249693826,0.25951558471585356,-0.20141031595063352,0.6453631976580289,0.3886107477456869,0.9220947497478085,0.92072672417833,0.9373590156632703,0.9355636538850861,-0.34627770832931937,BNB/USDT,False,False
2022-01-04 08:00:00,-0.1607067539801568,-0.07798228090756609,0.9925196302503027,-1.3335463955644562,0.7279815641889099,0.1684897775944314,-0.2834674500540224,0.3495301348967959,0.10341386759491719,0.9354748055581,0.9280799786859482,0.9442944486181454,0.9334035028052253,-0.32064290072280743,BNB/USDT,False,False
2022-01-04 09:00:00,-0.5390755984169755,-0.07798228090756609,0.9912143574035448,-1.2092986565082646,0.7731442838485971,0.09968542701651054,-0.34288326221145116,0.1222713655898088,-0.11228119519428444,0.9334538596284208,0.9217672790614835,0.9366584668799494,0.9249719453644805,-0.4528159731850461,BNB/USDT,False,False
2022-01-04 10:00:00,-0.1216408573599398,-0.07798228090756609,0.9903919263506208,-1.0545121807651665,1.0569819200881003,0.14258259283220248,-0.3118504837006083,0.2375828718900638,0.02332592034747262,0.9250913247469885,0.9346701596125878,0.9368686315149454,0.945249492598008,-0.30452749453054506,BNB/USDT,False,False
2022-01-04 11:00:00,0.3373432622552749,-0.07798228090756609,0.9898326244976132,-0.9098473456401857,1.0158769612873664,0.0716299322999973,-0.380500948834375,-0.00040710026360636203,-0.20110460685526396,0.9453007840437837,0.9422315250968365,0.958025204771232,0.9561896125831065,-0.07120906382611898,BNB/USDT,False,False
2022-01-04 12:00:00,0.4156694119678532,-0.07798228090756609,0.9893840046709823,-0.8017156054215034,0.7581747172897529,0.13227433388433557,-0.32729429397611925,0.16979529424071788,-0.007111337538649738,0.9563114549710025,0.9523595926261982,0.9529812535313231,0.9605795970357258,-0.021920499347164234,BNB/USDT,False,False
2022-01-04 13:00:00,0.11031488259009485,-0.07798228090756609,0.9891496582312376,-0.6621174295709541,1.0117605842962003,0.17138657224323547,-0.29558673104922334,0.2726572682076375,0.11804823270153243,0.9607017857837544,0.9592966251805553,0.9616680584445005,0.9697079774054584,-0.197506324260388,BNB/USDT,False,False
2022-01-04 14:00:00,0.268780610167326,-0.07798228090756609,0.989087393796585,-0.47616740883913283,1.362512686946784,0.1571014746867629,-0.31144798508176597,0.20139979172001354,0.0715532137558157,0.9701793253160446,0.9721301354061161,0.9806529304724925,0.977163982745621,-0.11184392995550892,BNB/USDT,False,False
2022-01-04 15:00:00,0.3121015116327304,-0.07798228090756609,0.9885617602747611,-0.4293657536034841,0.3089904910421629,0.23828449777824331,-0.22960684422874844,0.45520481588887973,0.3333899981305697,0.9772177921745835,0.9719220244294856,0.9687436011560401,0.9563986594618032,-0.08643391356980278,BNB/USDT,False,False
2022-01-04 16:00:00,0.39415423943625594,-0.07798228090756609,0.9880134968928057,-0.42467742515180246,-0.010150648565173115,0.19659109267258554,-0.26674560781258183,0.2834450233062167,0.19628021734670711,0.956659893924396,0.9453531897462976,0.9559235584212701,0.9548656490180313,-0.03577452529652051,BNB/USDT,False,False
2022-01-04 17:00:00,-0.24873876612546197,-0.07798228090756609,0.9872699939382403,-0.4649072472298683,-0.35159118044055176,0.15765550761972139,-0.29829421345183815,0.11511067023483335,0.06825566573226721,0.9549176991574309,0.9508334454642394,0.9618081682011645,0.9455979040625012,-0.35512967836715525,BNB/USDT,False,False
2022-01-04 18:00:00,0.7443070004682593,-0.07798228090756609,0.9855869950487318,-0.6737904260496849,-1.6175960207606899,0.4981650978022756,0.03232667342242639,1.3280511445543928,1.1719826921539647,0.9457885985785335,0.9430639690033594,0.9071653631021458,0.9028826585155864,0.22289921657990103,BNB/USDT,False,False
2022-01-04 19:00:00,0.5215947765384551,-0.07798228090756609,0.984275144747407,-0.8494016371503244,-1.3714583655175658,0.6515275975192103,0.16530273018115094,1.7549011115587165,1.630318577503465,0.902721543939157,0.9236402778511598,0.9052738813871795,0.9177946691959126,0.049946184210791195,BNB/USDT,False,False
2022-01-04 20:00:00,-0.4514920223559527,-0.07798228090756609,0.9831780358569183,-0.9219885789008866,-0.6146243132003752,0.5592171934528203,0.07651449114138135,1.3662368498195547,1.308177407408852,0.9179134823070926,0.9212816867826781,0.9310540766133832,0.9260868620508602,-0.4257434181471292,BNB/USDT,False,False
2022-01-04 21:00:00,-1.1706001013024976,-0.07798228090756609,0.9821318199042705,-0.9816943077762134,-0.5290922281957252,0.38677192253937054,-0.08158867798602897,0.7613427930589318,0.7629796922189624,0.9262063293978463,0.9165645046457153,0.9378493998115948,0.9272714610301381,-0.5999978514505276,BNB/USDT,False,False
2022-01-04 22:00:00,-1.073959673522794,-0.07798228090756609,0.9809201448671819,-1.0350345028946561,-0.49250755896644927,0.3235994137554565,-0.13547214590353882,0.5323577032190439,0.5685668101774509,0.9273910218393823,0.9124022851131012,0.9228576558485303,0.9188399035893932,-0.5820823104974573,BNB/USDT,False,False
2022-01-04 23:00:00,-0.29348350954633984,-0.07798228090756609,0.9792581666170956,-1.016951267410519,0.055483357912258655,0.30918863518530837,-0.13902065824287363,0.46564173048405255,0.530793679134446,0.9189587991672714,0.9033841427924368,0.9087065704254512,0.8975171219623851,-0.37173215534545034,BNB/USDT,False,False
2022-01-05 00:00:00,-0.24527600125935559,-0.07798228090756609,0.9781212675526451,-0.9778081248862039,0.22770589641211295,0.35160478606580153,-0.11005830747941873,0.5837632873579196,0.6761439015500091,0.8976343352196189,0.9066445480929849,0.9051337716305154,0.9193276796396842,-0.3538193913067817,BNB/USDT,False,False
2022-01-05 01:00:00,-0.6030303712019409,-0.07798228090756609,0.9769924776093186,-0.9692848392998252,-0.006163850082036336,0.2673492630344913,-0.18684587116321952,0.2786713563698261,0.41081575420570754,0.9194466137020216,0.9167726156223461,0.9304936375867268,0.9185611744177982,-0.4713983901316496,BNB/USDT,False,False
2022-01-05 02:00:00,-0.7791508048163399,-0.07798228090756609,0.9761882098947566,-0.9279108469839494,0.30356970075273476,0.1892854686103685,-0.2638991170792127,-0.00831508508913216,0.16456847147546824,0.9186800480045569,0.9210735758060475,0.935467533948304,0.9319401746543524,-0.5178339527544472,BNB/USDT,False,False
2022-01-05 03:00:00,-1.0036564002660993,-0.07798228090756609,0.9754454828388782,-0.8570397478575874,0.5524793373696817,0.07400806943419741,-0.3697989357287664,-0.4322678600316576,-0.20730658639324054,0.9321297916055273,0.9268313128261643,0.9472367535080927,0.9338912788555168,-0.5681328975384076,BNB/USDT,False,False
2022-01-05 04:00:00,-0.9716446991184761,-0.07798228090756609,0.9747520118607891,-0.712951940384293,1.147926182696373,-0.04382733387074116,-0.47774037333561964,-0.8537418560290878,-0.5896670751667695,0.9340113619538499,0.9225303526424629,0.9451351071581303,0.9353546070063893,-0.5615113451479005,BNB/USDT,False,False
2022-01-05 05:00:00,-1.4285349289338871,-0.07798228090756609,0.9740505577545203,-0.6441468912946539,0.5528507639553574,-0.15491551207781792,-0.578627353506707,-1.220844607537737,-0.9469804197615898,0.9355444933487794,0.9201023912484376,0.9438040644698209,0.9343093726129087,-0.6414437154308915,BNB/USDT,False,False
2022-01-05 06:00:00,-0.8179101808783527,-0.07798228090756609,0.9735892700231297,-0.5426317499789114,0.8312410720996615,-0.21477502502717663,-0.6363108022395927,-1.393367879501683,-1.1273155450909016,0.9344294886979212,0.9293980148712765,0.9486378510747341,0.9443436227903247,-0.5271882666075243,BNB/USDT,False,False
2022-01-05 07:00:00,-0.9769846157635802,-0.07798228090756609,0.9730914459414955,-0.4923626855399719,0.4157528112788699,-0.27841873222070523,-0.6935454370453695,-1.5403473388629338,-1.3141002490820017,0.9444645305556404,0.9346007892870443,0.9553631193946132,0.9422531540033626,-0.5626279424287656,BNB/USDT,False,False
2022-01-05 08:00:00,-0.4574883666391337,-0.07798228090756609,0.9726904611298829,-0.4372928522450398,0.4603068475123107,-0.2663453967174726,-0.6837033381041071,-1.4399222196869013,-1.2471651293605723,0.9424435846259603,0.934392678310413,0.9467463693597682,0.9460856801127927,-0.42765921139276175,BNB/USDT,False,False
2022-01-05 09:00:00,-0.5469239318971763,-0.07798228090756609,0.9724247125014022,-0.3708141191102546,0.5581513493849156,-0.28837692656563607,-0.7053600879107765,-1.4566852490112752,-1.2941164295724585,0.9459976619505699,0.9422315250968365,0.9587257535545529,0.9517299458375885,-0.45514885897379215,BNB/USDT,False,False
2022-01-05 10:00:00,-0.4349431555365968,-0.07798228090756609,0.9721352375118102,-0.3079034099122414,0.5298154634967819,-0.3125132602310353,-0.726877521829457,-1.4916036599990077,-1.3463213710357482,0.951851436367572,0.9448675974674922,0.9620183328361606,0.9504059822725133,-0.4204072994331017,BNB/USDT,False,False
2022-01-05 11:00:00,0.03361434318942637,-0.07798228090756609,0.9714139552987644,-0.3407268949230404,-0.2716749836626209,-0.17319702015524827,-0.5941665167211652,-1.0607174075689314,-0.8597397389182391,0.9505970561353575,0.937653083610961,0.9346969302866515,0.9308252579679731,-0.23515753471102743,BNB/USDT,False,False
2022-01-05 12:00:00,-0.14672647657688181,-0.07798228090756609,0.9706042101912031,-0.3807790576052403,-0.33375420237513465,-0.13537477734375686,-0.5581015108098779,-0.9487095673229164,-0.7176704325751819,0.9308754113733124,0.9197555396207193,0.926990893670123,0.9261565443437588,-0.3149346754789716,BNB/USDT,False,False
2022-01-05 13:00:00,-0.49576369735318,-0.07798228090756609,0.9700651102384472,-0.39565138514329595,-0.12348242153159493,-0.154699691920459,-0.5794557828319349,-0.9974628178980491,-0.7673639031684772,0.9262063293978463,0.9230853152468109,0.9368686315149454,0.9374450757933513,-0.43966964387092594,BNB/USDT,False,False
2022-01-05 14:00:00,0.01390134279011404,-0.07798228090756609,0.9695301924198548,-0.4294495259928397,-0.2845272928272669,-0.12046427979145465,-0.5481602436280837,-0.8880168044351634,-0.6389753548161193,0.9375654392784586,0.9267619425006199,0.9342065461383265,0.9370966643288573,-0.24445992026479552,BNB/USDT,False,False
2022-01-05 15:00:00,-0.42208882767734524,-0.07798228090756609,0.9689868872154536,-0.4608088710538881,-0.2656619546349758,-0.13673491957814293,-0.5626794150687556,-0.932876252161351,-0.6808337357190364,0.9372170003250652,0.9282880896625787,0.9414922534848625,0.936190794521174,-0.41621249253811315,BNB/USDT,False,False
2022-01-05 16:00:00,-0.6700847798330261,-0.07798228090756609,0.9682622684133342,-0.45646376048597337,0.0355516271735262,-0.20181981215541903,-0.619246892948336,-1.0994986091402257,-0.881231970146946,0.9363110590462433,0.9226690932935498,0.9421928022681835,0.9275501902017331,-0.4898682031992702,BNB/USDT,False,False
2022-01-05 17:00:00,-0.1580703818056354,-0.07798228090756609,0.9668784571607526,-0.5311261078185343,-0.6362134077483224,-0.04252657070304888,-0.4629030565393083,-0.6180354036545278,-0.34480855914749753,0.9276697730020969,0.9203798725506117,0.9129098631253759,0.8973777573765878,-0.3195714283009676,BNB/USDT,False,False
2022-01-05 18:00:00,0.837332437453341,-0.07798228090756609,0.9656564013977522,-0.6189964745606594,-0.7540586242074608,0.0899249706330934,-0.3432342285871984,-0.2119733698849113,0.09414490838774241,0.8978433985916549,0.901580514328304,0.8946255398807041,0.90323106998008,0.3049728655579309,BNB/USDT,False,False
2022-01-05 19:00:00,1.9690559498294462,-0.07798228090756609,0.9620940706803094,-1.022804389253178,-3.2859681423086684,0.8915952204327707,0.4598804231319557,2.005262081243544,2.5906969293984274,0.9033487340552643,0.8964471102380797,0.8035541980490063,0.7974533493598239,2.008779103844507,BNB/USDT,False,False
2022-01-05 20:00:00,2.1844410395589,-0.07798228090756609,0.9574162699824098,-1.5455196110789755,-4.0619287070440135,1.3639528337327151,0.9495366764893635,2.7944607279974276,3.611902888435756,0.797492980014466,0.7975943963384907,0.731537783123633,0.7440767129994051,2.551646014410477,BNB/USDT,False,False
2022-01-05 21:00:00,1.028989654341115,-0.07798228090756609,0.9522217103741263,-2.048996573883789,-3.967339043458508,1.4931993691303183,1.097321391303881,2.656657579178167,3.539915196531996,0.7442515079360132,0.7579145701275681,0.7264938318837234,0.7163431604257148,0.4950265533489746,BNB/USDT,False,False
2022-01-05 22:00:00,2.226769281596625,-0.07798228090756609,0.9463737159558574,-2.462005276462914,-3.6239172393505656,2.634971143978514,2.246695977868188,3.640008199895378,4.951996621168407,0.7163067038738934,0.7203158536829525,0.5597632214533842,0.6819897900266461,2.6700065757936624,BNB/USDT,False,False
2022-01-05 23:00:00,0.9728310756315011,-0.07798228090756609,0.9403437623776468,-2.8087094497370426,-3.5964958122664163,2.447960418438404,2.0793397122220085,2.8110397178632747,3.933339779224412,0.6816021841159489,0.6846595063535569,0.6708702584880557,0.6680533314469022,0.4362292785762163,BNB/USDT,False,False
2022-01-06 00:00:00,1.133925950037577,-0.07798228090756609,0.934248182429307,-2.844885309713033,-1.729845925144254,2.318939803713531,1.9622697959502955,2.3396513138273756,3.332047843029521,0.6685008794683714,0.6658601481312488,0.6477521486384707,0.6591339979558662,0.612377845192915,BNB/USDT,False,False
2022-01-06 01:00:00,0.4139854377649731,-0.07798228090756609,0.9278155092070913,-2.7921553846824434,-1.091847375961521,2.1751871104599307,1.8432999915164536,1.9809502258072682,2.8681011915160988,0.6593020910987959,0.6512230094415552,0.6369636973753314,0.6380202632075541,-0.02301363170133618,BNB/USDT,False,False
2022-01-06 02:00:00,0.5487629202469998,-0.07798228090756609,0.9209549805763326,-2.73254894481928,-1.0030430422861178,2.000178031670255,1.6961609869836904,1.6700349985258256,2.4608124826814564,0.6376291881977502,0.6303425414529403,0.6221821180472634,0.612516544006623,0.06940110766236329,BNB/USDT,False,False
2022-01-06 03:00:00,0.7337653687610263,-0.07798228090756609,0.9141049869982545,-2.626406820121763,-0.47224686177603964,1.84682271634243,1.5489572792984507,1.4290063105321391,2.144271895035177,0.6119143934373455,0.6240298418284757,0.6160172887540408,0.6061754553528395,0.2139853213509105,BNB/USDT,False,False
2022-01-06 04:00:00,0.7530030261969723,-0.07798228090756609,0.9075990429734366,-2.4959779572783702,-0.056134444576198456,1.7716215693275612,1.4649768744113347,1.2903019448673798,1.960498459091065,0.607105935880522,0.6122368864860686,0.5968923069693842,0.614746377379382,0.2303103845804901,BNB/USDT,False,False
2022-01-06 05:00:00,0.5942331567313166,-0.07798228090756609,0.9016509623161867,-2.3392668317472243,0.4267773490965124,1.706447241914672,1.3819494139636082,1.1770997932174152,1.8081019990764127,0.6149806562272041,0.6317299479638117,0.6165777277806973,0.6332121849975425,0.10294206826154155,BNB/USDT,False,False
2022-01-06 06:00:00,0.2203589910587121,-0.07798228090756609,0.8958428590938847,-2.171469788902816,0.7894961886259967,1.5513570427194232,1.227239573633617,0.9929270559215333,1.5662093962805674,0.6333782329663553,0.6349209829388163,0.6321299107704178,0.6335605964620362,-0.13920334025110637,BNB/USDT,False,False
2022-01-06 07:00:00,-0.09623497354955851,-0.07798228090756609,0.8906270180003955,-1.9559302729280172,1.547859898835503,1.4186263171269804,1.0772399024414083,0.8409489062851232,1.367706461372257,0.6339357352917844,0.6418580154931733,0.6389252339686293,0.654256237452956,-0.29376820083600125,BNB/USDT,False,False
2022-01-06 08:00:00,0.24187442283184024,-0.07798228090756609,0.8850311402863413,-1.7902877998367,1.2207176575195917,1.3921141214569654,1.0699906066373834,0.7898361507519412,1.3023720239256442,0.6540755067979006,0.6424129780975218,0.628417002218818,0.6320972683111632,-0.12717985627525488,BNB/USDT,False,False
2022-01-06 09:00:00,0.9751655738666644,-0.07798228090756609,0.8783400293577713,-1.7359631669052025,0.11596222752929669,1.5837165133111137,1.3118081687556604,0.9292901432915855,1.486209988914468,0.6322632283154979,0.6221568430387989,0.5811299593446673,0.5776057152643647,0.4386202018759548,BNB/USDT,False,False
2022-01-06 10:00:00,0.6696530195391543,-0.07798228090756609,0.8722701603892306,-1.6817383306750462,0.1625979180247742,1.5161434472131097,1.2238518973223085,0.8362926412178462,1.3701872310823016,0.5777673760048302,0.5890671977545155,0.5769266666447426,0.5987194500126765,0.16139208988838558,BNB/USDT,False,False
2022-01-06 11:00:00,0.16203711122248635,-0.07798228090756609,0.866112158464875,-1.646062370599672,-0.011470761088132247,1.3998733303255966,1.1156899049198297,0.7056646580781373,1.2071343695530854,0.5987434009990896,0.5914951591485407,0.5865942398545689,0.5887548821281595,-0.17075408629869043,BNB/USDT,False,False
2022-01-06 12:00:00,0.17388692314132223,-0.07798228090756609,0.8603233773983646,-1.6264493250155072,-0.18001298464480414,1.3153534393318995,1.0214744719405364,0.6077859297030342,1.0864391574971612,0.5885689835600133,0.5867779770115779,0.5797989166563579,0.5991375437700688,-0.16446451402488918,BNB/USDT,False,False
2022-01-06 13:00:00,0.2560465286193092,-0.07798228090756609,0.8553697224607651,-1.5337851455063525,0.7482975665458959,1.234819485504671,0.9144849672016964,0.5156560905029361,0.9745941690151372,0.5991615277431613,0.617786512529554,0.6120241606891126,0.6307036224531885,-0.11914402138003591,BNB/USDT,False,False
2022-01-06 14:00:00,0.6122265880992708,-0.07798228090756609,0.8505666976408909,-1.3724868939109016,1.6596870481758734,1.1879940573369905,0.8663846685836721,0.4555490105098559,0.903302934408518,0.630799784711247,0.6378345366116464,0.629397770515467,0.6325153620685555,0.11656213917256686,BNB/USDT,False,False
2022-01-06 15:00:00,0.2892283320661249,-0.07798228090756609,0.8463616721874511,-1.2226897571701418,1.607108391321882,1.2073598530299403,0.8681030171956549,0.4546812503417252,0.9068000846142111,0.6328207306409266,0.6458814943747004,0.6300282644204559,0.654465284331652,-0.09996206861413669,BNB/USDT,False,False
2022-01-06 16:00:00,0.293661434904748,-0.07798228090756609,0.8423155938082942,-1.0654721120229647,1.7469287457668952,1.1339416624102887,0.7932275759201823,0.3725291522983239,0.8079643733771525,0.6545633213326508,0.6592005968790662,0.6547576364716783,0.6573919406333983,-0.09735982212843981,BNB/USDT,False,False
2022-01-06 17:00:00,-0.06885860535628448,-0.07798228090756609,0.8387290470728868,-0.9087757766265814,1.7652945519925558,1.0439803379704644,0.692096252394309,0.2782120699533823,0.6926745993986012,0.6574902085411523,0.6651664448758134,0.6640749352898442,0.6739066440503948,-0.2819221616904091,BNB/USDT,False,False
2022-01-06 18:00:00,0.38518565649073594,-0.07798228090756609,0.8361470281397204,-0.7461230197570771,1.83433119628138,1.0780658819075544,0.6951195236011437,0.29386357592709794,0.7167158991507662,0.6740062149319812,0.7023489393671672,0.6876133744094216,0.7152282437393355,-0.04147816863159377,BNB/USDT,False,False
2022-01-06 19:00:00,-0.12971639660956,-0.07798228090756609,0.8330765368700149,-0.6255821822494674,1.36259889665721,0.9580172331201386,0.5955868339827384,0.1721086111015007,0.5689282837603516,0.7158188893391432,0.7015858657861883,0.7055474232624329,0.6908394412247837,-0.30790102899127375,BNB/USDT,False,False
2022-01-06 20:00:00,-0.10153613752651029,-0.07798228090756609,0.8299916213728998,-0.5440539188932211,0.9370067641644516,0.871343134731041,0.5133071734986909,0.08697685601597877,0.4608326950456188,0.6910100358575604,0.6859081722133409,0.6875433195310896,0.6871462797011514,-0.2960316637647086,BNB/USDT,False,False
2022-01-06 21:00:00,-0.3097584337004061,-0.07798228090756609,0.8267272874532884,-0.4839482728735162,0.7019224390739764,0.7536458132488822,0.4052176637494624,-0.02154849831570178,0.3195620192314176,0.6880134608583804,0.6812603604019218,0.6881738134360781,0.6760667951302551,-0.377622268482588,BNB/USDT,False,False
2022-01-06 22:00:00,-0.6989667040852369,-0.07798228090756609,0.8237101664586634,-0.4371920386213994,0.5543445392361248,0.6331528838198275,0.282037875078482,-0.13218509661876646,0.1782684934815321,0.6762362242336966,0.6718953664535396,0.6810282158462065,0.6838712119349117,-0.49751763045551284,BNB/USDT,False,False
2022-01-06 23:00:00,-0.8269840134702326,-0.07798228090756609,0.8201736931653089,-0.4859219779345836,-0.4976419828044408,0.6161262579069007,0.2813552838784875,-0.15214468040002416,0.15422032197712784,0.6839018812083426,0.6709935522214732,0.6691889414080858,0.6576706698049929,-0.5293357933599666,BNB/USDT,False,False
2022-01-07 00:00:00,-0.08237606485973384,-0.07798228090756609,0.8161372066002053,-0.535367475094521,-0.49577826605899517,0.6859691277466609,0.3669613090366431,-0.09565490803664044,0.22722604109015698,0.6578386474945453,0.6524023049757961,0.6398359473869463,0.6318185391395682,-0.2878043606215024,BNB/USDT,False,False
2022-01-07 01:00:00,-0.8461015310823861,-0.07798228090756609,0.8124914173173061,-0.5591183293516034,-0.21237883010777742,0.5812228778916657,0.25440435848553694,-0.19676250730389117,0.10192989080166451,0.6319147893621048,0.6346435016366418,0.6425680876418971,0.6452672216690211,-0.5338087082322708,BNB/USDT,False,False
2022-01-07 02:00:00,-0.6455997244732978,-0.07798228090756609,0.8083995099144613,-0.5999381293201236,-0.3923912454680735,0.5621560907596974,0.24982685733357282,-0.21859660475023193,0.07355229450053771,0.6453645329630753,0.6347128719621853,0.6336711180937237,0.6217146066692539,-0.48324068044279966,BNB/USDT,False,False
2022-01-07 03:00:00,1.5131663081256297,-0.07798228090756609,0.8022634784086966,-0.787563923432083,-1.925568587821526,1.1400675351644374,0.9048361050920978,0.2959190192675912,0.7203723802584473,0.6218797475043859,0.6097395547664999,0.5341231359838449,0.5263195476909072,1.130952169728365,BNB/USDT,False,False
2022-01-07 04:00:00,2.0832246955630263,-0.07798228090756609,0.7955744719114908,-0.974625914050966,-1.8894909904429202,1.7653018681964978,1.5807256970142682,0.8375962297918846,1.3980171512503872,0.5264771620653781,0.5231653884881229,0.43114246483569385,0.4955199742296731,2.2846465277753145,BNB/USDT,False,False
2022-01-07 05:00:00,0.42540185107027245,-0.07798228090756609,0.7889530122093322,-1.120783113907743,-1.4755058784784183,1.574911639343025,1.386480465327811,0.6378094885136809,1.15641558040672,0.49546609521339974,0.48986763222720864,0.4890778492163204,0.49189649499893984,-0.015573306099530693,BNB/USDT,False,False
2022-01-07 06:00:00,0.261285791875273,-0.07798228090756609,0.7815710245949641,-1.332962880644199,-2.1556253405421084,1.621124841684631,1.4763676149008884,0.6538008458645489,1.180862844200149,0.4919817056794696,0.4792539724190424,0.4519487637003204,0.4513414005318852,-0.11614967458083955,BNB/USDT,False,False
2022-01-07 07:00:00,0.9367664314422101,-0.07798228090756609,0.775022137948484,-1.4529723825401903,-1.3143346359013548,1.8124465176236924,1.6452005795774116,0.8001091883877932,1.3584952607412881,0.45177185045791524,0.4721088288880544,0.4258182940824562,0.4812351041854355,0.3998654456421376,BNB/USDT,False,False
2022-01-07 08:00:00,1.4064119502556562,-0.07798228090756609,0.769334626103769,-1.3872809436692173,0.5264116081588481,2.047170632218619,1.8533167183330184,0.9821236006684699,1.5694088673250517,0.48145884928700056,0.5392593040142314,0.4850146662730597,0.5132192766259479,0.968419230959649,BNB/USDT,False,False
2022-01-07 09:00:00,0.180826682546839,-0.07798228090756609,0.7644113687506929,-1.2451576754670912,1.339511698817874,1.929569146237032,1.7005737121544944,0.8428850594054872,1.4035523004833064,0.5133061696271222,0.5388430820609699,0.5247357822873465,0.541719334421524,-0.16075275139005107,BNB/USDT,False,False
2022-01-07 10:00:00,0.01879689993566563,-0.07798228090756609,0.758926900744937,-1.147247808700893,0.9262330974934181,1.8024361527347117,1.601951872124065,0.6968054455830076,1.2372988099487217,0.5416691004333136,0.5378025271778165,0.5268374286373089,0.5117559484750746,-0.24216368974614988,BNB/USDT,False,False
2022-01-07 11:00:00,-0.4488149267366833,-0.07798228090756609,0.7537920074577407,-0.9852331012027773,1.585337493794308,1.5308993088623863,1.3113144654743718,0.4095384170599993,0.9293738175956091,0.5117730382321927,0.51747702179355,0.5264871542456484,0.5219295632382879,-0.4248850739056086,BNB/USDT,False,False
2022-01-07 12:00:00,-0.4708070895198168,-0.07798228090756609,0.748970848248794,-0.8595027101559811,1.2440545267666547,1.330303505293033,1.0965475028990095,0.1816441388940122,0.7021515842781407,0.5220171434619476,0.5323916417854178,0.5372055506304562,0.5308488967293238,-0.4318810932031654,BNB/USDT,False,False
2022-01-07 13:00:00,1.620500536406206,-0.07798228090756609,0.7429218314597117,-0.8655110739690819,-0.03427945681651719,1.9044010765307424,1.7524741352747073,0.7551884480541706,1.2828040471594309,0.5312159318315232,0.5361376393647708,0.4474652514870677,0.47120085400802,1.3092746437843208,BNB/USDT,False,False
2022-01-07 14:00:00,0.3216166495098731,-0.07798228090756609,0.7376918897941951,-0.8682195605395967,0.002052452606191157,1.856258942610761,1.668415424210735,0.681039141155935,1.2046913956327174,0.47128443184792423,0.5003425513842878,0.47955038576315806,0.5017913805905577,-0.08073151984621026,BNB/USDT,False,False
2022-01-07 15:00:00,1.1265798616412601,-0.07798228090756609,0.7317547145331265,-0.8806344270974928,-0.0786053132852971,2.0918645220478385,1.956222946685454,0.9182064089479549,1.4151236432330163,0.5018773719558309,0.48952078059949067,0.43394465996897713,0.46499912994003406,0.6038317522764105,BNB/USDT,False,False
2022-01-07 16:00:00,1.2181496657020627,-0.07798228090756609,0.7272641965030825,-0.8247908029271119,0.5975463276499507,2.4047464885913676,2.2096309787428763,1.2428347423563815,1.6860111884867814,0.4651519062682072,0.5195581315598573,0.45068777589034303,0.5237413028536545,0.7141070496880294,BNB/USDT,False,False
2022-01-07 17:00:00,-0.319624115815812,-0.07798228090756609,0.7228438358764065,-0.7854166652892078,0.4492979860115143,2.0876377277248195,1.8845281239990836,0.8581994101550003,1.3286602551667084,0.5240380893916268,0.5123436177033257,0.516959690792486,0.5224173392885789,-0.3811549201385258,BNB/USDT,False,False
2022-01-07 18:00:00,-0.2887562119176772,-0.07798228090756609,0.7179399847728072,-0.6989745955558718,0.9001961554035862,1.9803279125256323,1.8031741323638386,0.7171392051913288,1.1922445955398042,0.5224352702060192,0.517338281142463,0.5010572334111051,0.4964258440373564,-0.37000658073632425,BNB/USDT,False,False
2022-01-07 19:00:00,-0.7037847932357884,-0.07798228090756609,0.7133899610924724,-0.6426286860690714,0.6073158896917268,1.8167332968618246,1.621432993534178,0.4869351455258396,1.0060293441924657,0.49651141207357863,0.5034642160337488,0.4958731724145315,0.5073659640224553,-0.4987762669080175,BNB/USDT,False,False
2022-01-07 20:00:00,-0.8359451573494378,-0.07798228090756609,0.7090876489074641,-0.5228482727593826,1.1690037877719968,1.6032380005441604,1.3938385284841128,0.15917665801791123,0.7760430437022734,0.5075917707914768,0.5075570652408193,0.5089734346626296,0.5139160995549349,-0.5314411110135053,BNB/USDT,False,False
2022-01-07 21:00:00,-1.103192368762488,-0.07798228090756609,0.7047062714886835,-0.5038412781166163,0.2243096709651821,1.321844002133804,1.110176145159364,-0.27413560791908603,0.4837930930806228,0.5144211742779796,0.5069327323109274,0.5203923798307578,0.5061116827502783,-0.5876512734840552,BNB/USDT,False,False
2022-01-07 22:00:00,-0.7162773987856759,-0.07798228090756609,0.6999808988656272,-0.512676971584121,-0.04249555737721852,1.24380620068654,1.0468831268003123,-0.3867858273111493,0.39630596451297456,0.5062677027685833,0.49486229566634593,0.48746658701468254,0.48639159385994085,-0.5020167871689117,BNB/USDT,False,False
2022-01-07 23:00:00,-0.6614997016660399,-0.07798228090756609,0.6953948451281442,-0.4797734157240583,0.3307327301288819,1.0719650560722485,0.8664836145647415,-0.626560410577387,0.21621247996728238,0.48654605800653833,0.4777278252570836,0.48319323943642584,0.48792460430371287,-0.48755947656581766,BNB/USDT,False,False
2022-01-08 00:00:00,-0.21993477849751808,-0.07798228090756609,0.6916608582883979,-0.4138030210411666,0.6278139878803539,1.1118437263974883,0.8798415091404536,-0.5476746267954822,0.24918207298331047,0.48800950161078926,0.509915656309301,0.4920902089845997,0.5214417871879969,-0.3441169912334697,BNB/USDT,False,False
2022-01-08 01:00:00,-0.5356562337308726,-0.07798228090756609,0.6879115958376694,-0.36652263714791833,0.4509271569735367,0.9458321157176495,0.7121430562446163,-0.7829546260738589,0.0756696865572997,0.5211808899738043,0.5210149083962722,0.5283786359606147,0.5170518027353772,-0.4517949017595944,BNB/USDT,False,False
2022-01-08 02:00:00,-0.7808299215928853,-0.07798228090756609,0.6841941844227001,-0.3121793461748178,0.51258777794494,0.7946720048291018,0.5577973965771895,-0.9931668185389574,-0.08144374164474291,0.5171389981144451,0.5071408432875579,0.5152783737125166,0.5147522870697195,-0.5182453526230374,BNB/USDT,False,False
2022-01-08 03:00:00,-0.7998100124680436,-0.07798228090756609,0.680461129053976,-0.23594025299307267,0.7079310894111631,0.6860769804160168,0.4486838816892194,-1.125563185554185,-0.19580667820604283,0.5149089888127298,0.5024930314761386,0.5077825017309842,0.5103623026171002,-0.5228566966782593,BNB/USDT,False,False
2022-01-08 04:00:00,-0.8942584708902468,-0.07798228090756609,0.6771603748136577,-0.14028689441544082,0.876892004026629,0.5992446742240312,0.34846895825794955,-1.2095607637072403,-0.2867043939000655,0.511215535906764,0.5178932437468116,0.5224239713023882,0.5259711362264134,-0.5447716885981685,BNB/USDT,False,False
2022-01-08 05:00:00,-1.420822413902182,-0.07798228090756609,0.6740764513796402,-0.0892013314299856,0.4696473071521848,0.4584395741634521,0.1995938854034529,-1.3589903969066945,-0.43093082630693397,0.5260590353213065,0.5214311303495336,0.5341931908621769,0.5323819071730957,-0.6403267016128661,BNB/USDT,False,False
2022-01-08 06:00:00,-0.9171833491692124,-0.07798228090756609,0.6711920637059027,-0.02399811754536244,0.5936936482020064,0.3896331993754663,0.12545671526406849,-1.3843361534706278,-0.4998761751082369,0.5324703120637381,0.5269807563930193,0.5331423676871955,0.5382352197765881,-0.5498412235296467,BNB/USDT,False,False
2022-01-08 07:00:00,-0.7497915213802272,-0.07798228090756609,0.6685402074154138,0.05448329334211907,0.7085485203970804,0.25772745169125716,-0.013895726565304184,-1.4881460583065242,-0.6292890785083947,0.538254398690062,0.5344727515517249,0.5497453738518974,0.5457609074096497,-0.5105488566676886,BNB/USDT,False,False
2022-01-08 08:00:00,0.08872651868913717,-0.07798228090756609,0.6659301259621832,0.1361016819548403,0.732423566877686,0.2571419425266562,-0.014077156381859683,-1.4009122869602528,-0.626166768619432,0.5459200556647086,0.554520775633817,0.555770093388456,0.544994402187764,-0.20834295502101496,BNB/USDT,False,False
2022-01-08 09:00:00,-0.9156955072958879,-0.07798228090756609,0.6636603290242951,0.21089929592739187,0.6680912434957892,0.16026975964895118,-0.11964167305210771,-1.445846031122023,-0.7192001489389497,0.5452928655486009,0.5454332629876091,0.5586423434000712,0.5576068972024322,-0.5495150749331842,BNB/USDT,False,False
2022-01-08 10:00:00,-0.2687248697130742,-0.07798228090756609,0.6609278725154096,0.23867489837917277,0.24877588243113244,0.22198150047536488,-0.04453114847957578,-1.2878540093038182,-0.6544224874667923,0.5576972922893925,0.5456413739642401,0.5406382396687279,0.5346814228387534,-0.36262040496534903,BNB/USDT,False,False
2022-01-08 11:00:00,-0.7457663181402504,-0.07798228090756609,0.6584401668712381,0.27054620884401276,0.28315863134002883,0.16341298407331573,-0.10889701012347129,-1.292233168263078,-0.7117821099777953,0.5347700091561318,0.5310042352745464,0.539867636007075,0.5429039334008023,-0.5095363936768817,BNB/USDT,False,False
2022-01-08 12:00:00,-0.8450105110410775,-0.07798228090756609,0.6557098651398712,0.2697044623358077,-0.009316998715785922,0.1709206562530437,-0.0942912784280741,-1.2166630627997157,-0.7042602268405963,0.542993168456207,0.5357214174115092,0.5373456603871202,0.5295946154571468,-0.5335553147931289,BNB/USDT,False,False
2022-01-08 13:00:00,-0.7410656585171361,-0.07798228090756609,0.6530137240400383,0.2690150871312318,-0.009474692833489723,0.12868467454902482,-0.13711182099519348,-1.2060744251000086,-0.7473964799284979,0.5296828004365937,0.526078942160953,0.5337028067138524,0.5284100164778688,-0.5083498181530973,BNB/USDT,False,False
2022-01-08 14:00:00,-0.6179578383399419,-0.07798228090756609,0.649881552986448,0.2146452369510241,-0.48455337794926884,0.1643537132734966,-0.08881521085292063,-1.1079551395515885,-0.7118402215614653,0.5284284202043787,0.5212923896984466,0.5198319408041013,0.5062510473360761,-0.4755979177811208,BNB/USDT,False,False
2022-01-08 15:00:00,0.5158943211638267,-0.07798228090756609,0.6463464351279884,0.16541988578286865,-0.4369754435624539,0.2798661591323355,0.0428530992486964,-0.9294881682831073,-0.5989150769170885,0.506616141721976,0.49798396031580655,0.48571521505638066,0.4851373125877638,0.04591854756277625,BNB/USDT,False,False
2022-01-08 16:00:00,0.37497054139378405,-0.07798228090756609,0.6423393461902351,0.06554774457715978,-0.869885716390396,0.4483286808654747,0.23413272888217843,-0.7040622831496346,-0.43317931357973577,0.48522198998364485,0.4889658179951422,0.4680613857166978,0.4605394631945161,-0.04792394234048249,BNB/USDT,False,False
2022-01-08 17:00:00,1.1441907422802169,-0.07798228090756609,0.636710452139167,-0.1335477004428902,-1.6837594665766422,0.8503684104294521,0.7175426259316827,-0.22006287096890612,-0.032554046014187245,0.46124938999020537,0.4477598446222609,0.39443370858968674,0.3840979878846208,0.6244054945403689,BNB/USDT,False,False
2022-01-08 18:00:00,2.4071846746959715,-0.07798228090756609,0.6287331619122952,-0.5064154939591984,-2.962153336236984,1.6856688918571372,1.7455484656302775,0.7474980968775871,0.8021470481051104,0.38480188361577783,0.3891419195379433,0.2743596471285094,0.27358187134725176,3.222928276870502,BNB/USDT,False,False
2022-01-08 19:00:00,1.4480808744224303,-0.07798228090756609,0.621566331422238,-0.7884351030832714,-2.1469596897000938,1.7165542004046044,1.7461226777300902,0.7608682850773982,0.8173186254950255,0.2735801696927268,0.30707682441989864,0.2781426105584416,0.30187288226413184,1.0301819726218278,BNB/USDT,False,False
2022-01-08 20:00:00,0.51535627621575,-0.07798228090756609,0.6144152831198889,-1.0365470408558026,-1.8495467955569362,1.608298777544887,1.6335723819798385,0.6192942739748656,0.6933932372670276,0.30187341270823975,0.30423264107261205,0.29215358622485665,0.29546211131745,0.04553935990124399,BNB/USDT,False,False
2022-01-08 21:00:00,0.9043662010204323,-0.07798228090756609,0.6087846541937563,-1.1347845146475042,-0.7246536864007498,1.8640797294354818,1.8430352405059947,0.8824158458241592,0.9344732332646573,0.29567119933784414,0.35875771694985914,0.3035024765146529,0.3562947530180317,0.36809601758543115,BNB/USDT,False,False
2022-01-08 22:00:00,0.2840711810433869,-0.07798228090756609,0.604107283595195,-1.0437305321721746,0.6985526039497596,1.8907860307015323,1.8278660410569523,0.879625245429421,0.9424547780556071,0.3562995772282289,0.3978825805564332,0.3673925255535056,0.3932960505472517,-0.10297751996278492,BNB/USDT,False,False
2022-01-08 23:00:00,0.08235624761563153,-0.07798228090756609,0.5987649850975437,-0.831998396187913,1.5949244692977347,1.781149842033624,1.7497392835845753,0.7292241137504079,0.8167406485487047,0.3934431696599243,0.3834535528433705,0.3694241170251355,0.358942680148183,-0.21150433322146495,BNB/USDT,False,False
2022-01-09 00:00:00,0.23077550265257218,-0.07798228090756609,0.593948452886139,-0.6436878341676199,1.406304371738302,1.6956562339898213,1.6362816512584535,0.6097579316283349,0.717526392127567,0.35908708885537327,0.36860830317704635,0.3532414401304265,0.37712975859474884,-0.13340861412366214,BNB/USDT,False,False
2022-01-09 01:00:00,-0.5761999691309332,-0.07798228090756609,0.589131344189823,-0.45735073305307494,1.367414537248143,1.5257572922090656,1.4578804189712984,0.4009457587255729,0.5361563198715212,0.37699685105977426,0.37408855889498827,0.3707551597134453,0.37232168038473723,-0.4637204995027911,BNB/USDT,False,False
2022-01-09 02:00:00,-0.19490829329029982,-0.07798228090756609,0.5849468584400341,-0.33750384110525256,0.8752454157431631,1.388035964800798,1.2852079446268196,0.2313957335154876,0.3882810361669787,0.3722580812936292,0.38830947563142043,0.38392547683987543,0.3958046130916057,-0.3343362821740338,BNB/USDT,False,False
2022-01-09 03:00:00,-0.4537683792066495,-0.07798228090756609,0.5804779446067971,-0.3110098440011882,0.2104079648931223,1.1795961210779398,1.0771603170644912,-0.017951063089021647,0.17045218539140994,0.39602161791503265,0.38359229349445756,0.3903004707680941,0.37894149821011547,-0.42647180279465696,BNB/USDT,False,False
2022-01-09 04:00:00,-0.5163101050694041,-0.07798228090756609,0.5768834477296303,-0.1663707540135041,1.0215358942270514,1.1462966695486594,1.0095432375894529,-0.07014635071596216,0.12922378147941385,0.3790177969894535,0.40398716920426747,0.39247217199638845,0.4135735977807792,-0.4459639368992099,BNB/USDT,False,False
2022-01-09 05:00:00,-0.4552898959193164,-0.07798228090756609,0.5727138079187811,-0.10561803926057933,0.4305470473836414,1.0838215373544664,0.9689371356203824,-0.14069151180053718,0.057851310165132466,0.4133738777940049,0.4013510968336118,0.39401337931969427,0.3843070347633171,-0.4269579016606491,BNB/USDT,False,False
2022-01-09 06:00:00,-0.7473854092814657,-0.07798228090756609,0.5689128711838367,-0.015046119239617267,0.6219093370108401,0.8868100907603687,0.7464569133047543,-0.3487034707890806,-0.15086160585600575,0.38438375687170623,0.3873382910738105,0.39772628787129405,0.39664080060639034,-0.5099440447110299,BNB/USDT,False,False
2022-01-09 07:00:00,-1.0740158514052065,-0.07798228090756609,0.5649359510258002,0.013084548600507355,0.19354167489661672,0.7188681376734413,0.5751337365029618,-0.5217340317470074,-0.33197029494696667,0.39671849582181884,0.3894194008401177,0.39947765982959593,0.3850038576923041,-0.5820931404636234,BNB/USDT,False,False
2022-01-09 08:00:00,0.16030048686835888,-0.07798228090756609,0.5606902646640547,0.04389631737286351,0.20619216232785692,0.7094616555168047,0.5772786809690474,-0.5111128659190715,-0.35285532502218425,0.385080634778492,0.387407661399354,0.38042273292327167,0.36904661261849764,-0.1716707457426436,BNB/USDT,False,False
2022-01-09 09:00:00,-0.0827906556487434,-0.07798228090756609,0.5563798504464814,-0.00089100164976847,-0.2880155675500577,0.6671335033199817,0.5368373897482254,-0.5356948648412668,-0.410412762198676,0.36919181850377064,0.3687470438281334,0.36585131823019973,0.36193901874282797,-0.2879837492918428,BNB/USDT,False,False
2022-01-09 10:00:00,-0.3989045714544519,-0.07798228090756609,0.55234457410161,0.024747000739316998,0.16799439702426872,0.6175631218607992,0.4770767113523434,-0.5675600492436806,-0.4777872790269253,0.3620139760638743,0.36479293527214984,0.36346945236690936,0.36995248242618095,-0.4085346019092546,BNB/USDT,False,False
2022-01-09 11:00:00,-0.211564969361969,-0.07798228090756609,0.5489869295693028,0.07785443681455019,0.331937688759884,0.6026151308757429,0.4417611438282351,-0.5596938170401308,-0.510950872065546,0.3696796330385208,0.38865632725913835,0.3840655865965395,0.396222706848998,-0.34086814022937073,BNB/USDT,False,False
2022-01-09 12:00:00,0.3233486170488766,-0.07798228090756609,0.545551061210121,0.14181382605289009,0.38284968618368476,0.5549240775686956,0.39539757429160516,-0.5900492182269442,-0.5802729676588464,0.39657912024046177,0.38768514270152843,0.3874282207564792,0.3893938421449234,-0.07968878848842649,BNB/USDT,False,False
2022-01-09 13:00:00,0.007622068835884376,-0.07798228090756609,0.5417314714587405,0.19879850667537755,0.3215925581999473,0.6166796944780655,0.4769451748998028,-0.4950685197864462,-0.5312726579699428,0.3893315900098869,0.39628706306893097,0.38322492805655456,0.36883756573980125,-0.2473917864899569,BNB/USDT,False,False
2022-01-09 14:00:00,-0.3743983150160628,-0.07798228090756609,0.5381823506615313,0.28992948062708046,0.49796129760889435,0.5267746369814613,0.3737129818724893,-0.5801313871521777,-0.6525259990846286,0.3689130673410561,0.3785282597297767,0.38322492805655456,0.37712975859474884,-0.40025953583834173,BNB/USDT,False,False
2022-01-09 15:00:00,0.5907267335008114,-0.07798228090756609,0.5343144081112609,0.32944633120409555,0.17936754703863855,0.591162992384614,0.45625682262793404,-0.4799315858453788,-0.5967635399576348,0.37720591443180984,0.3666659340618262,0.35345160476542253,0.3593607739055753,0.10031108071178849,BNB/USDT,False,False
2022-01-09 16:00:00,-0.141989750839257,-0.07798228090756609,0.5317722803409358,0.4336278118516042,0.5177226267744414,0.7937543866389524,0.6323728329239683,-0.2151171799206263,-0.3797617322846065,0.3593658400180874,0.4015592078102427,0.37033483044345283,0.41475819676005754,-0.3129858369519606,BNB/USDT,False,False
2022-01-09 17:00:00,0.4314113954910415,-0.07798228090756609,0.5295642482852391,0.584194598931838,0.727498540227062,0.7222588796069165,0.5467728008097138,-0.2784080319385005,-0.48213608441653,0.41490700918893436,0.4166819387787409,0.4165009952642903,0.42716164489602937,-0.011628838037842284,BNB/USDT,False,False
2022-01-09 18:00:00,0.0010164625733016588,-0.07798228090756609,0.5273117092311199,0.7761054018820871,0.8935445370764123,0.6390062220733496,0.4613313865441912,-0.3610822299229607,-0.5999670280705013,0.4273811237204041,0.43152718844506543,0.43415482460397314,0.4229807073221061,-0.25045986036651463,BNB/USDT,False,False
2022-01-09 19:00:00,0.21238778448907644,-0.07798228090756609,0.5258172727230379,1.0256776840691821,1.1304368859056466,0.6934727072612412,0.49608041251964674,-0.26297241229004964,-0.5537225615235731,0.42313016848900964,0.4458174755070411,0.4327537270373317,0.4546164682981248,-0.14360461073185044,BNB/USDT,False,False
2022-01-09 20:00:00,-0.542596977894163,-0.07798228090756609,0.5240566079073347,1.2871115741429466,1.1384979614929664,0.5989311826494621,0.4058432648356075,-0.37156084674491036,-0.693509180528097,0.4547684254570952,0.44692740071573805,0.45159848930866,0.4412374680615706,-0.45386453606307314,BNB/USDT,False,False
2022-01-09 21:00:00,-0.8229741439152166,-0.07798228090756609,0.5222789243499625,1.404038193779809,0.4330438853536528,0.4850603674938791,0.2870675176197176,-0.5136099221516583,-0.8542497194366113,0.4413186818561248,0.4404759604401859,0.44907651368870516,0.438728905517217,-0.5283887267033163,BNB/USDT,False,False
2022-01-09 22:00:00,-1.1149742224045036,-0.07798228090756609,0.5203629535545111,1.4661706734939028,0.18259625663026885,0.43287391811645665,0.23695420671618747,-0.5664755404669145,-0.9327186563466558,0.43880992139169533,0.43444074211789513,0.43716718437225244,0.4307851241267627,-0.5898585038961308,BNB/USDT,False,False
2022-01-09 23:00:00,-0.3420891950341884,-0.07798228090756609,0.518244706933552,1.4910591762713092,0.08524626649091299,0.41285736764097164,0.2227389471997894,-0.5715802205169074,-0.9460528024228302,0.43079582546365575,0.4236883416586419,0.42315620870583737,0.41984500414166376,-0.38909384072113046,BNB/USDT,False,False
2022-01-10 00:00:00,-0.49407939069861656,-0.07798228090756609,0.5159037263381134,1.3867723560974696,-0.46138616165486296,0.4106367139531838,0.22816633919073123,-0.5507327994988847,-0.9303809649887468,0.41978515453643656,0.4227865274265755,0.42035401357255453,0.4077899674701856,-0.43914897242063444,BNB/USDT,False,False
2022-01-10 01:00:00,-0.4962402143870023,-0.07798228090756609,0.5138549417691077,1.3313753420259014,-0.18838516894380922,0.3039435039381776,0.10754429274279471,-0.6862883279529581,-1.0424356707751223,0.40793823012107405,0.4088430919923174,0.4193732452759056,0.4185210405765881,-0.4398168203342083,BNB/USDT,False,False
2022-01-10 02:00:00,-0.664377584260472,-0.07798228090756609,0.5120138813336389,1.2929517163169855,-0.09070143521070534,0.30503949623226584,0.10431951858302117,-0.657630661594973,-1.0329716290604656,0.41860046209490015,0.41439271803580313,0.413278470861015,0.42576799903805507,-0.4883352076038919,BNB/USDT,False,False
2022-01-10 03:00:00,-0.1618697607448474,-0.07798228090756609,0.5101388738503414,1.263461549548512,-0.06140898146269439,0.23763762089832988,0.03461876507166134,-0.7316021327604216,-1.1065792922097666,0.42584799232547504,0.41987297375374544,0.42735950140576207,0.4224232489789164,-0.3211148373253516,BNB/USDT,False,False
2022-01-10 04:00:00,-0.014395065738056408,-0.07798228090756609,0.5092069663693233,1.3539155569405767,0.6250802599312085,0.38091630748848027,0.16194773364815102,-0.501522829132103,-0.9077631560527745,0.4222242272101878,0.45379506294455163,0.4363965807105995,0.46269961427437645,-0.2575540435881664,BNB/USDT,False,False
2022-01-10 05:00:00,-1.015705962848305,-0.07798228090756609,0.5081694425338978,1.4511823225443736,0.6826589414589611,0.2490522918046846,0.02668063653870577,-0.6792991805026909,-1.0647734761434864,0.4627128335944563,0.45435002554890014,0.46897209913501475,0.45705534854958013,-0.5705808864290981,BNB/USDT,False,False
2022-01-10 06:00:00,-0.6920072042044306,-0.07798228090756609,0.5069210388401098,1.4936854519557028,0.35595181293825856,0.1515779486464701,-0.07021807193586906,-0.80080593260008,-1.171519130442421,0.45699843475881047,0.4447075502983438,0.45713282469689404,0.44660300461477226,-0.4956908373164501,BNB/USDT,False,False
2022-01-10 07:00:00,-0.22594024267785598,-0.07798228090756609,0.5056395541052935,1.511436207792683,0.19542757419540444,0.12760827813988787,-0.09406793477911973,-0.8176012961435402,-1.1780017857180483,0.44661495394769896,0.439019183603771,0.4438223978137995,0.4438853951917219,-0.3464344651472871,BNB/USDT,False,False
2022-01-10 08:00:00,-0.49357410083400854,-0.07798228090756609,0.5039373897973273,1.491343000367083,-0.052596354154933855,0.14269121173869698,-0.06718362723628475,-0.7822371481338414,-1.1332910416305386,0.4441758812739477,0.4320821510494139,0.43233339776733926,0.4238168948368907,-0.4389926321398269,BNB/USDT,False,False
2022-01-10 09:00:00,-0.922775228382608,-0.07798228090756609,0.5023307555622916,1.389536598042147,-0.581358379496412,0.04651236303401471,-0.17081351015660173,-0.9067803465369662,-1.231736552886576,0.42382704639579544,0.419456751800484,0.4332441111856562,0.4263951396741434,-0.5510634824034911,BNB/USDT,False,False
