timestamp,open,high,low,close,volume,symbol
1640995200000,0.8294,0.8397,0.8293,0.8392,15673341.8,XRP/USDT
1640998800000,0.8392,0.853,0.8313,0.8396,53241386.8,XRP/USDT
1641002400000,0.8395,0.8445,0.8391,0.8423,10609918.2,XRP/USDT
1641006000000,0.8424,0.8456,0.8405,0.841,7823072.9,XRP/USDT
1641009600000,0.8409,0.8431,0.8343,0.8347,11611660.4,XRP/USDT
1641013200000,0.8347,0.8466,0.8343,0.8421,16278517.8,XRP/USDT
1641016800000,0.842,0.8451,0.8365,0.8377,12664219.5,XRP/USDT
1641020400000,0.8379,0.8428,0.836,0.841,8859235.3,XRP/USDT
1641024000000,0.841,0.8425,0.8382,0.8395,8241439.9,XRP/USDT
1641027600000,0.8397,0.8441,0.8374,0.8424,11604263.3,XRP/USDT
1641031200000,0.8425,0.8444,0.8345,0.8384,15889618.3,XRP/USDT
1641034800000,0.8383,0.842,0.8383,0.8387,10127771.1,XRP/USDT
1641038400000,0.8389,0.8445,0.8385,0.8427,8093895.4,XRP/USDT
1641042000000,0.8426,0.8455,0.8402,0.8409,11340359.9,XRP/USDT
1641045600000,0.841,0.8435,0.8396,0.84,9142338.7,XRP/USDT
1641049200000,0.84,0.845,0.8392,0.8421,9805646.6,XRP/USDT
1641052800000,0.8422,0.8475,0.8421,0.8446,11130790.2,XRP/USDT
1641056400000,0.8447,0.8527,0.844,0.8508,19917488.1,XRP/USDT
1641060000000,0.8508,0.8524,0.8484,0.8512,10555839.1,XRP/USDT
1641063600000,0.8512,0.8558,0.8495,0.852,15847067.5,XRP/USDT
1641067200000,0.8519,0.8539,0.8454,0.8458,18341071.5,XRP/USDT
1641070800000,0.8458,0.851,0.8446,0.8459,12342458.1,XRP/USDT
1641074400000,0.8459,0.8484,0.844,0.847,8578860.7,XRP/USDT
1641078000000,0.8469,0.8507,0.845,0.8507,10785785.9,XRP/USDT
1641081600000,0.8507,0.851,0.8406,0.8459,18145228.5,XRP/USDT
1641085200000,0.8458,0.8461,0.8405,0.8423,8232376.6,XRP/USDT
1641088800000,0.8423,0.844,0.8408,0.8432,6272284.8,XRP/USDT
1641092400000,0.8432,0.8456,0.8416,0.8435,6537788.9,XRP/USDT
1641096000000,0.8436,0.8466,0.8369,0.839,16651775.5,XRP/USDT
1641099600000,0.8389,0.8434,0.838,0.8429,9323523.5,XRP/USDT
1641103200000,0.8428,0.844,0.8409,0.8414,7549564.0,XRP/USDT
1641106800000,0.8414,0.8433,0.84,0.8423,6867038.8,XRP/USDT
1641110400000,0.8423,0.845,0.8392,0.8436,8482357.0,XRP/USDT
1641114000000,0.8435,0.8494,0.8426,0.8472,15691007.6,XRP/USDT
1641117600000,0.8473,0.8475,0.8441,0.8442,6766333.6,XRP/USDT
1641121200000,0.8441,0.8481,0.8441,0.8452,6365771.2,XRP/USDT
1641124800000,0.8452,0.8488,0.8416,0.8468,16021369.7,XRP/USDT
1641128400000,0.8468,0.847,0.8436,0.845,9198497.4,XRP/USDT
1641132000000,0.8449,0.8469,0.8433,0.8455,8528933.9,XRP/USDT
1641135600000,0.8456,0.8675,0.8447,0.8558,50506917.7,XRP/USDT
1641139200000,0.8558,0.8633,0.8531,0.8612,28114281.2,XRP/USDT
1641142800000,0.8612,0.8644,0.8563,0.8571,20302740.9,XRP/USDT
1641146400000,0.857,0.8573,0.845,0.8521,27455766.9,XRP/USDT
1641150000000,0.8521,0.8551,0.8495,0.8511,13263948.6,XRP/USDT
1641153600000,0.8511,0.8542,0.8495,0.8517,6611386.4,XRP/USDT
1641157200000,0.8517,0.8539,0.8504,0.8526,5330166.0,XRP/USDT
1641160800000,0.8526,0.8578,0.8525,0.8559,12546946.2,XRP/USDT
1641164400000,0.8558,0.8611,0.8558,0.8583,11351054.4,XRP/USDT
1641168000000,0.8583,0.8588,0.8517,0.8522,13273785.4,XRP/USDT
1641171600000,0.8521,0.854,0.8475,0.852,13164518.7,XRP/USDT
1641175200000,0.852,0.852,0.8463,0.8486,10658803.7,XRP/USDT
1641178800000,0.8485,0.8504,0.8436,0.8452,13351901.1,XRP/USDT
1641182400000,0.8453,0.8469,0.8415,0.8432,11953321.1,XRP/USDT
1641186000000,0.8432,0.8481,0.8408,0.8471,14220104.2,XRP/USDT
1641189600000,0.8471,0.8477,0.8427,0.8436,8938957.8,XRP/USDT
1641193200000,0.8436,0.8444,0.8411,0.8426,9767543.3,XRP/USDT
1641196800000,0.8427,0.8442,0.8388,0.8408,13853939.3,XRP/USDT
1641200400000,0.8408,0.8423,0.833,0.8364,25814852.9,XRP/USDT
1641204000000,0.8363,0.8409,0.8362,0.8375,16366515.4,XRP/USDT
1641207600000,0.8376,0.8467,0.8376,0.8445,25488980.6,XRP/USDT
1641211200000,0.8445,0.8453,0.8389,0.8398,18906615.9,XRP/USDT
1641214800000,0.8399,0.8451,0.8396,0.8425,16324457.9,XRP/USDT
1641218400000,0.8425,0.8465,0.8383,0.84,20002956.7,XRP/USDT
1641222000000,0.84,0.8433,0.8369,0.8382,17475048.4,XRP/USDT
1641225600000,0.8382,0.8394,0.8246,0.8325,41675604.2,XRP/USDT
1641229200000,0.8326,0.8376,0.8308,0.8349,20323363.9,XRP/USDT
1641232800000,0.8348,0.8372,0.8317,0.8332,10915739.8,XRP/USDT
1641236400000,0.8332,0.8382,0.8328,0.8328,14937872.5,XRP/USDT
1641240000000,0.8327,0.8331,0.8212,0.8257,38308519.2,XRP/USDT
1641243600000,0.8256,0.8319,0.8243,0.8282,15495119.6,XRP/USDT
1641247200000,0.8282,0.8374,0.8272,0.8334,13551512.8,XRP/USDT
1641250800000,0.8334,0.8379,0.8276,0.8324,25514424.0,XRP/USDT
1641254400000,0.8323,0.8343,0.8255,0.8286,18991071.9,XRP/USDT
1641258000000,0.8287,0.8316,0.8243,0.8257,13333392.1,XRP/USDT
1641261600000,0.8258,0.8292,0.823,0.8255,11190444.3,XRP/USDT
1641265200000,0.8255,0.8299,0.823,0.8274,11137439.5,XRP/USDT
1641268800000,0.8274,0.8303,0.8251,0.8275,11652390.9,XRP/USDT
1641272400000,0.8275,0.8303,0.82,0.8271,31624367.2,XRP/USDT
1641276000000,0.827,0.8279,0.824,0.8264,14037439.2,XRP/USDT
1641279600000,0.8263,0.829,0.8255,0.828,10916894.5,XRP/USDT
1641283200000,0.8279,0.8326,0.8264,0.8295,21410257.9,XRP/USDT
1641286800000,0.8295,0.8322,0.8276,0.8286,11462986.3,XRP/USDT
1641290400000,0.8287,0.8344,0.8281,0.8324,13628173.7,XRP/USDT
1641294000000,0.8323,0.8373,0.8323,0.8359,17471057.4,XRP/USDT
1641297600000,0.8358,0.8366,0.8309,0.8347,22759225.4,XRP/USDT
1641301200000,0.8347,0.84,0.8304,0.8376,24399372.1,XRP/USDT
1641304800000,0.8375,0.846,0.8356,0.8419,35829426.2,XRP/USDT
1641308400000,0.8419,0.8443,0.8331,0.8354,26697947.4,XRP/USDT
1641312000000,0.8353,0.8367,0.8313,0.8345,21801702.6,XRP/USDT
1641315600000,0.8345,0.8358,0.8287,0.8296,16127505.2,XRP/USDT
1641319200000,0.8297,0.8315,0.8171,0.82,53296712.2,XRP/USDT
1641322800000,0.82,0.8283,0.8144,0.8251,27340805.9,XRP/USDT
1641326400000,0.8251,0.83,0.8232,0.8269,13487971.0,XRP/USDT
1641330000000,0.8269,0.8305,0.825,0.8285,10395301.7,XRP/USDT
1641333600000,0.8286,0.8306,0.8265,0.8298,7266674.3,XRP/USDT
1641337200000,0.8298,0.8319,0.8225,0.8228,17526527.1,XRP/USDT
1641340800000,0.8228,0.8302,0.8211,0.828,15033339.1,XRP/USDT
1641344400000,0.828,0.835,0.8258,0.8265,15456347.9,XRP/USDT
1641348000000,0.8265,0.831,0.8262,0.8294,10268860.7,XRP/USDT
1641351600000,0.8295,0.8325,0.829,0.8307,8565305.8,XRP/USDT
1641355200000,0.8307,0.8318,0.8288,0.8307,10462702.1,XRP/USDT
1641358800000,0.8307,0.8327,0.829,0.832,13872892.1,XRP/USDT
1641362400000,0.832,0.8347,0.8301,0.8335,9989164.2,XRP/USDT
1641366000000,0.8336,0.8344,0.8282,0.8296,10861090.6,XRP/USDT
1641369600000,0.8295,0.8329,0.826,0.8313,15935501.9,XRP/USDT
1641373200000,0.8313,0.8345,0.8302,0.834,10652830.8,XRP/USDT
1641376800000,0.8341,0.8375,0.8304,0.8312,14723944.3,XRP/USDT
1641380400000,0.8313,0.8314,0.8241,0.8259,17754849.7,XRP/USDT
1641384000000,0.8259,0.8275,0.8206,0.8261,18637654.0,XRP/USDT
1641387600000,0.826,0.8291,0.8237,0.8277,16602071.8,XRP/USDT
1641391200000,0.8277,0.831,0.8222,0.8288,28278820.4,XRP/USDT
1641394800000,0.8289,0.831,0.824,0.8279,16254147.0,XRP/USDT
1641398400000,0.8279,0.8302,0.8251,0.8263,16905851.3,XRP/USDT
1641402000000,0.8263,0.829,0.8197,0.8206,14414342.8,XRP/USDT
1641405600000,0.8207,0.8259,0.816,0.8215,30440860.1,XRP/USDT
1641409200000,0.8216,0.8235,0.79,0.7978,97245350.2,XRP/USDT
1641412800000,0.7978,0.8021,0.7777,0.7892,109697136.9,XRP/USDT
1641416400000,0.7891,0.8007,0.7865,0.7904,53368148.1,XRP/USDT
1641420000000,0.7903,0.7947,0.7074,0.7613,229655021.9,XRP/USDT
1641423600000,0.7613,0.7763,0.7562,0.7718,78534415.0,XRP/USDT
1641427200000,0.7719,0.7783,0.7665,0.7744,43877584.3,XRP/USDT
1641430800000,0.7743,0.775,0.7636,0.7707,27088382.4,XRP/USDT
1641434400000,0.7707,0.7731,0.7643,0.7655,27001344.3,XRP/USDT
1641438000000,0.7656,0.7673,0.7488,0.7489,38334108.2,XRP/USDT
1641441600000,0.749,0.7629,0.7464,0.7593,45769480.7,XRP/USDT
1641445200000,0.7594,0.7658,0.7548,0.7604,32851495.0,XRP/USDT
1641448800000,0.7605,0.7648,0.7558,0.7592,19549313.8,XRP/USDT
1641452400000,0.7592,0.7645,0.757,0.7617,17460251.1,XRP/USDT
1641456000000,0.7617,0.7624,0.7504,0.7556,29210126.3,XRP/USDT
1641459600000,0.7557,0.7563,0.7371,0.7415,42244864.2,XRP/USDT
1641463200000,0.7414,0.7554,0.7414,0.752,43179858.9,XRP/USDT
1641466800000,0.752,0.7543,0.7452,0.7486,20822250.9,XRP/USDT
1641470400000,0.7486,0.7574,0.7419,0.7567,28810405.3,XRP/USDT
1641474000000,0.7568,0.7646,0.7541,0.764,31169450.8,XRP/USDT
1641477600000,0.7642,0.7653,0.756,0.7575,26982091.8,XRP/USDT
1641481200000,0.7576,0.7637,0.7534,0.7618,22249611.1,XRP/USDT
1641484800000,0.7618,0.7686,0.7594,0.7653,24578344.5,XRP/USDT
1641488400000,0.7654,0.7693,0.7621,0.7667,18951605.8,XRP/USDT
1641492000000,0.7668,0.7737,0.7657,0.7732,21504318.0,XRP/USDT
1641495600000,0.7732,0.7816,0.7701,0.7804,27314151.6,XRP/USDT
1641499200000,0.7804,0.7866,0.7759,0.7796,27771265.1,XRP/USDT
1641502800000,0.7796,0.7903,0.7787,0.783,26754243.3,XRP/USDT
1641506400000,0.783,0.7849,0.7802,0.7833,13637167.6,XRP/USDT
1641510000000,0.7833,0.7847,0.7774,0.7787,20049891.2,XRP/USDT
1641513600000,0.7788,0.7805,0.7684,0.7708,27322808.1,XRP/USDT
1641517200000,0.7708,0.7746,0.7688,0.7722,12586959.1,XRP/USDT
1641520800000,0.7721,0.773,0.7628,0.7636,14450567.0,XRP/USDT
1641524400000,0.7636,0.765,0.7377,0.7447,76945839.5,XRP/USDT
1641528000000,0.7448,0.7509,0.7281,0.7488,86252158.5,XRP/USDT
1641531600000,0.7489,0.7543,0.7457,0.7517,27454278.8,XRP/USDT
1641535200000,0.7518,0.7519,0.7411,0.7447,22699041.8,XRP/USDT
1641538800000,0.7447,0.7531,0.7363,0.7519,37525624.7,XRP/USDT
1641542400000,0.7521,0.7772,0.7492,0.7652,73503836.4,XRP/USDT
1641546000000,0.7652,0.7745,0.7647,0.7702,20171898.0,XRP/USDT
1641549600000,0.7703,0.772,0.7583,0.7584,24923039.5,XRP/USDT
1641553200000,0.7584,0.7623,0.7548,0.7577,19624777.1,XRP/USDT
1641556800000,0.7577,0.7645,0.7577,0.761,18768841.7,XRP/USDT
1641560400000,0.761,0.7679,0.7345,0.748,91459951.4,XRP/USDT
1641564000000,0.7481,0.7587,0.7457,0.7567,35902502.0,XRP/USDT
1641567600000,0.7567,0.7572,0.7334,0.748,65021542.8,XRP/USDT
1641571200000,0.7479,0.7707,0.743,0.7679,81143108.7,XRP/USDT
1641574800000,0.768,0.7687,0.7595,0.7655,21410756.0,XRP/USDT
1641578400000,0.7654,0.7661,0.7567,0.7625,23920423.9,XRP/USDT
1641582000000,0.7626,0.7677,0.758,0.7647,16393424.3,XRP/USDT
1641585600000,0.7648,0.7682,0.76,0.7637,12492799.3,XRP/USDT
1641589200000,0.7636,0.7784,0.7607,0.7679,34460711.8,XRP/USDT
1641592800000,0.7678,0.768,0.7576,0.7616,16677705.2,XRP/USDT
1641596400000,0.7616,0.7649,0.7577,0.7634,14412245.3,XRP/USDT
1641600000000,0.7636,0.7739,0.7612,0.7715,18509245.6,XRP/USDT
1641603600000,0.7715,0.7751,0.7694,0.7699,18403704.5,XRP/USDT
1641607200000,0.77,0.7711,0.7635,0.7677,14144222.5,XRP/USDT
1641610800000,0.7677,0.7697,0.7619,0.7682,15389470.5,XRP/USDT
1641614400000,0.7683,0.7724,0.7667,0.7712,10710448.9,XRP/USDT
1641618000000,0.7712,0.773,0.7687,0.7725,7675672.9,XRP/USDT
1641621600000,0.7726,0.7743,0.7675,0.7738,9513899.3,XRP/USDT
1641625200000,0.774,0.7756,0.7694,0.7716,16400495.6,XRP/USDT
1641628800000,0.7716,0.7768,0.7692,0.7703,14954993.4,XRP/USDT
1641632400000,0.7703,0.7721,0.768,0.7716,11441686.0,XRP/USDT
1641636000000,0.7716,0.7727,0.7627,0.7668,16444767.6,XRP/USDT
1641639600000,0.7669,0.7671,0.7627,0.7644,15637647.1,XRP/USDT
1641643200000,0.7645,0.7665,0.7619,0.7634,20474123.0,XRP/USDT
1641646800000,0.7633,0.767,0.759,0.7652,21538783.2,XRP/USDT
1641650400000,0.7652,0.7685,0.76,0.7604,17408124.0,XRP/USDT
1641654000000,0.7605,0.762,0.7521,0.7572,37201526.5,XRP/USDT
1641657600000,0.7572,0.7618,0.7478,0.7512,31900363.2,XRP/USDT
1641661200000,0.7512,0.7524,0.7337,0.7352,57751642.6,XRP/USDT
1641664800000,0.7352,0.7448,0.7229,0.7253,94243405.5,XRP/USDT
1641668400000,0.7254,0.7353,0.722,0.7299,47436017.4,XRP/USDT
1641672000000,0.7299,0.7378,0.7258,0.7312,23951834.8,XRP/USDT
1641675600000,0.7312,0.7547,0.7302,0.7528,37292589.1,XRP/USDT
1641679200000,0.7527,0.7601,0.7506,0.7536,26972299.2,XRP/USDT
1641682800000,0.7535,0.7541,0.7442,0.745,18639556.8,XRP/USDT
1641686400000,0.7451,0.7523,0.7407,0.7509,26758591.7,XRP/USDT
1641690000000,0.7507,0.7536,0.7435,0.7476,17880179.2,XRP/USDT
1641693600000,0.7475,0.7568,0.7472,0.7553,15050393.9,XRP/USDT
1641697200000,0.7553,0.7553,0.749,0.7506,12086989.6,XRP/USDT
1641700800000,0.7506,0.7575,0.7496,0.7568,13509756.0,XRP/USDT
1641704400000,0.7568,0.7581,0.7502,0.7516,9269865.9,XRP/USDT
1641708000000,0.7516,0.7533,0.7502,0.7514,7017271.4,XRP/USDT
1641711600000,0.7514,0.7538,0.7479,0.7488,10968610.8,XRP/USDT
1641715200000,0.7487,0.7518,0.7444,0.746,10085605.8,XRP/USDT
1641718800000,0.7461,0.7484,0.7414,0.7423,13757432.5,XRP/USDT
1641722400000,0.7424,0.7482,0.74,0.7463,12576428.8,XRP/USDT
1641726000000,0.7464,0.7529,0.7463,0.7504,14703281.9,XRP/USDT
1641729600000,0.7504,0.7516,0.746,0.7471,10719406.5,XRP/USDT
1641733200000,0.7471,0.7508,0.7422,0.7423,15374506.0,XRP/USDT
1641736800000,0.7423,0.7488,0.7422,0.7444,14357090.5,XRP/USDT
1641740400000,0.7443,0.7457,0.738,0.7428,19604507.1,XRP/USDT
1641744000000,0.7427,0.7555,0.7417,0.7547,25342889.6,XRP/USDT
1641747600000,0.7547,0.7569,0.7515,0.7553,15798994.2,XRP/USDT
1641751200000,0.7554,0.7609,0.754,0.755,20294256.9,XRP/USDT
1641754800000,0.755,0.7657,0.7543,0.7642,21012864.1,XRP/USDT
1641758400000,0.7642,0.7665,0.7615,0.7633,15240774.0,XRP/USDT
1641762000000,0.7632,0.7663,0.7602,0.762,8966570.8,XRP/USDT
1641765600000,0.7619,0.7631,0.7558,0.7583,11166327.6,XRP/USDT
1641769200000,0.7583,0.7599,0.7505,0.7529,18940968.7,XRP/USDT
1641772800000,0.7528,0.7577,0.7481,0.749,19893358.6,XRP/USDT
1641776400000,0.749,0.7516,0.7475,0.7504,12118006.9,XRP/USDT
1641780000000,0.7504,0.7534,0.747,0.7525,11853826.2,XRP/USDT
1641783600000,0.7527,0.754,0.7515,0.7533,9054925.7,XRP/USDT
1641787200000,0.7533,0.7583,0.7532,0.7579,10735698.1,XRP/USDT
1641790800000,0.758,0.7585,0.7545,0.7552,7675914.8,XRP/USDT
1641794400000,0.7552,0.7556,0.751,0.7519,14289833.3,XRP/USDT
1641798000000,0.7518,0.7549,0.7503,0.7516,12038318.5,XRP/USDT
1641801600000,0.7517,0.7525,0.7451,0.7464,23204344.9,XRP/USDT
1641805200000,0.7464,0.7488,0.7438,0.747,12687667.0,XRP/USDT
1641808800000,0.7469,0.7503,0.7444,0.7448,11261033.4,XRP/USDT
1641812400000,0.7449,0.7452,0.7391,0.7414,25146419.3,XRP/USDT
1641816000000,0.7414,0.7429,0.7311,0.7331,37120069.3,XRP/USDT
1641819600000,0.7331,0.7379,0.7302,0.731,29954866.2,XRP/USDT
1641823200000,0.731,0.7332,0.6923,0.7274,207545681.8,XRP/USDT
1641826800000,0.7274,0.729,0.7154,0.7237,59648463.7,XRP/USDT
1641830400000,0.7237,0.7443,0.7205,0.7403,69060705.4,XRP/USDT
1641834000000,0.7404,0.7418,0.7131,0.7222,87358799.6,XRP/USDT
1641837600000,0.7222,0.7319,0.7216,0.7259,31327418.7,XRP/USDT
1641841200000,0.726,0.7285,0.7206,0.7223,22510960.7,XRP/USDT
1641844800000,0.7223,0.7342,0.7188,0.7328,20555093.6,XRP/USDT
1641848400000,0.733,0.7385,0.7303,0.7345,28538499.5,XRP/USDT
1641852000000,0.7343,0.7368,0.7322,0.7337,13424575.9,XRP/USDT
1641855600000,0.7337,0.7398,0.73,0.7393,19405575.0,XRP/USDT
1641859200000,0.7394,0.7413,0.7321,0.7339,17037954.8,XRP/USDT
1641862800000,0.7339,0.7423,0.7328,0.7397,14870531.3,XRP/USDT
1641866400000,0.7397,0.7472,0.7379,0.7435,24117547.0,XRP/USDT
1641870000000,0.7436,0.7475,0.7419,0.7462,12336675.1,XRP/USDT
1641873600000,0.7462,0.7557,0.7434,0.7487,42706250.9,XRP/USDT
1641877200000,0.7488,0.7492,0.7432,0.7457,12702902.1,XRP/USDT
1641880800000,0.7457,0.7512,0.7456,0.7466,24323387.8,XRP/USDT
1641884400000,0.7467,0.7485,0.7437,0.7459,10095895.7,XRP/USDT
1641888000000,0.746,0.7506,0.7386,0.7405,29533202.7,XRP/USDT
1641891600000,0.7406,0.7426,0.7377,0.7386,12833020.9,XRP/USDT
1641895200000,0.7386,0.7414,0.7303,0.7316,18011246.0,XRP/USDT
1641898800000,0.7316,0.7409,0.7311,0.7393,18589344.1,XRP/USDT
1641902400000,0.7393,0.743,0.7365,0.7403,15921508.6,XRP/USDT
1641906000000,0.7402,0.7472,0.7358,0.7384,23816248.1,XRP/USDT
1641909600000,0.7383,0.7405,0.7305,0.7377,35330907.4,XRP/USDT
1641913200000,0.7378,0.7443,0.7345,0.7407,29809656.0,XRP/USDT
1641916800000,0.7408,0.7603,0.7401,0.7581,70552196.1,XRP/USDT
1641920400000,0.7581,0.7688,0.7498,0.758,61956182.0,XRP/USDT
1641924000000,0.7579,0.7639,0.7539,0.7599,21506557.8,XRP/USDT
1641927600000,0.76,0.766,0.7566,0.7626,23415197.9,XRP/USDT
1641931200000,0.7626,0.772,0.7624,0.7655,25271525.4,XRP/USDT
1641934800000,0.7655,0.7666,0.7622,0.765,12347651.3,XRP/USDT
1641938400000,0.765,0.7686,0.7626,0.7679,10661038.2,XRP/USDT
1641942000000,0.7678,0.7772,0.7665,0.77,26525425.4,XRP/USDT
1641945600000,0.77,0.7797,0.7694,0.7722,24822592.0,XRP/USDT
1641949200000,0.7722,0.7736,0.7676,0.7726,12251129.2,XRP/USDT
1641952800000,0.7726,0.7764,0.767,0.7692,17600911.5,XRP/USDT
1641956400000,0.7693,0.7729,0.7681,0.7721,8733584.3,XRP/USDT
1641960000000,0.7721,0.7736,0.7666,0.7681,10011388.5,XRP/USDT
1641963600000,0.7681,0.7681,0.7634,0.764,15401852.9,XRP/USDT
1641967200000,0.7639,0.7677,0.7617,0.7629,18680991.6,XRP/USDT
1641970800000,0.7629,0.7629,0.7579,0.7598,13661144.4,XRP/USDT
1641974400000,0.7598,0.7653,0.7568,0.7588,16470756.5,XRP/USDT
1641978000000,0.7588,0.7655,0.758,0.765,14211796.6,XRP/USDT
1641981600000,0.7649,0.7685,0.7634,0.765,17383320.4,XRP/USDT
1641985200000,0.765,0.7777,0.7627,0.7708,37875211.4,XRP/USDT
1641988800000,0.7707,0.7789,0.7702,0.7774,25240306.1,XRP/USDT
1641992400000,0.7775,0.791,0.7752,0.7882,52536913.7,XRP/USDT
1641996000000,0.7882,0.7996,0.7873,0.7976,74912528.0,XRP/USDT
1641999600000,0.7976,0.8006,0.7876,0.7912,36645359.0,XRP/USDT
1642003200000,0.7912,0.7933,0.7843,0.7881,35528770.6,XRP/USDT
1642006800000,0.788,0.7928,0.7861,0.7917,17134057.3,XRP/USDT
1642010400000,0.7918,0.7934,0.7879,0.7899,14842345.3,XRP/USDT
1642014000000,0.7898,0.7986,0.7881,0.7967,30484166.3,XRP/USDT
1642017600000,0.7967,0.8018,0.7956,0.7992,25718363.1,XRP/USDT
1642021200000,0.7993,0.8071,0.7951,0.7955,24568722.8,XRP/USDT
1642024800000,0.7956,0.7993,0.7952,0.7968,10438769.2,XRP/USDT
1642028400000,0.7967,0.8011,0.7942,0.7982,16140304.2,XRP/USDT
1642032000000,0.7983,0.8023,0.791,0.792,21251332.2,XRP/USDT
1642035600000,0.7921,0.795,0.7878,0.7916,16587185.3,XRP/USDT
1642039200000,0.7916,0.7931,0.7885,0.7893,11323515.5,XRP/USDT
1642042800000,0.7892,0.7903,0.7844,0.7875,12758705.0,XRP/USDT
1642046400000,0.7874,0.7917,0.7866,0.7909,9835438.4,XRP/USDT
1642050000000,0.791,0.7949,0.7896,0.7926,8771112.5,XRP/USDT
1642053600000,0.7926,0.7978,0.7915,0.7927,11031843.5,XRP/USDT
1642057200000,0.7927,0.796,0.7911,0.7919,9370365.0,XRP/USDT
1642060800000,0.792,0.7975,0.7908,0.7974,12669514.8,XRP/USDT
1642064400000,0.7974,0.7992,0.7906,0.793,34530392.4,XRP/USDT
1642068000000,0.7931,0.796,0.792,0.7925,16203405.0,XRP/USDT
1642071600000,0.7925,0.7931,0.7822,0.7834,30662952.0,XRP/USDT
1642075200000,0.7834,0.7897,0.7829,0.7891,15704818.6,XRP/USDT
1642078800000,0.7891,0.7901,0.785,0.7895,15798493.4,XRP/USDT
1642082400000,0.7895,0.7982,0.7885,0.7945,31550330.6,XRP/USDT
1642086000000,0.7945,0.7953,0.768,0.7747,60717805.6,XRP/USDT
1642089600000,0.7747,0.7806,0.7717,0.776,25862680.6,XRP/USDT
1642093200000,0.7759,0.7766,0.7654,0.7709,25794756.8,XRP/USDT
1642096800000,0.7709,0.7719,0.7667,0.7686,11260218.4,XRP/USDT
1642100400000,0.7683,0.7711,0.7616,0.7657,15546854.2,XRP/USDT
1642104000000,0.7656,0.7693,0.7599,0.7693,21087151.6,XRP/USDT
1642107600000,0.7692,0.7717,0.7661,0.7706,13585315.7,XRP/USDT
1642111200000,0.7705,0.7725,0.7649,0.7676,15099514.0,XRP/USDT
1642114800000,0.7676,0.7717,0.7647,0.7674,13182206.9,XRP/USDT
1642118400000,0.7673,0.7726,0.7634,0.771,17331254.1,XRP/USDT
1642122000000,0.7711,0.7718,0.7672,0.77,8340467.1,XRP/USDT
1642125600000,0.7699,0.7709,0.7666,0.7706,9210044.3,XRP/USDT
1642129200000,0.7706,0.7713,0.769,0.77,6677372.8,XRP/USDT
1642132800000,0.77,0.7777,0.7696,0.7756,20569770.7,XRP/USDT
1642136400000,0.7757,0.7868,0.7745,0.7864,20288963.2,XRP/USDT
1642140000000,0.7864,0.7891,0.7818,0.7839,31528790.7,XRP/USDT
1642143600000,0.784,0.7903,0.779,0.7809,27457996.6,XRP/USDT
1642147200000,0.7809,0.7816,0.7736,0.7774,31744874.4,XRP/USDT
1642150800000,0.7774,0.7812,0.7772,0.778,15190285.6,XRP/USDT
1642154400000,0.7781,0.7794,0.7613,0.7627,25145779.3,XRP/USDT
1642158000000,0.7628,0.7635,0.7531,0.7569,35993828.6,XRP/USDT
1642161600000,0.7569,0.7631,0.7509,0.7594,25627402.7,XRP/USDT
1642165200000,0.7593,0.7642,0.7585,0.7605,17204991.2,XRP/USDT
1642168800000,0.7604,0.7744,0.7586,0.7719,35333747.2,XRP/USDT
1642172400000,0.7718,0.7778,0.7678,0.7731,26890946.2,XRP/USDT
1642176000000,0.7732,0.7753,0.7678,0.7743,15461555.1,XRP/USDT
1642179600000,0.7744,0.7757,0.7663,0.767,15699107.4,XRP/USDT
1642183200000,0.7671,0.7699,0.764,0.7692,15048265.5,XRP/USDT
1642186800000,0.7692,0.7748,0.7679,0.7713,17669909.4,XRP/USDT
1642190400000,0.7713,0.7793,0.7702,0.778,28160710.0,XRP/USDT
1642194000000,0.778,0.781,0.7753,0.778,14079529.0,XRP/USDT
1642197600000,0.778,0.7797,0.7755,0.7767,7458615.1,XRP/USDT
1642201200000,0.7767,0.7779,0.77,0.7727,13123194.6,XRP/USDT
1642204800000,0.7728,0.7776,0.7703,0.7752,14045348.8,XRP/USDT
1642208400000,0.7752,0.7766,0.7691,0.772,8598927.2,XRP/USDT
1642212000000,0.772,0.7745,0.7712,0.7741,6791356.8,XRP/USDT
1642215600000,0.7741,0.7753,0.7719,0.7725,4601565.9,XRP/USDT
1642219200000,0.7724,0.773,0.7684,0.7713,12677924.1,XRP/USDT
1642222800000,0.7712,0.7729,0.7689,0.7714,6779471.4,XRP/USDT
1642226400000,0.7714,0.7783,0.7691,0.7762,12512216.3,XRP/USDT
1642230000000,0.7763,0.7801,0.7759,0.7796,10283185.4,XRP/USDT
1642233600000,0.7796,0.7804,0.7764,0.7771,10718356.7,XRP/USDT
1642237200000,0.7771,0.7782,0.7741,0.7776,7610590.7,XRP/USDT
1642240800000,0.7776,0.78,0.7767,0.7776,9480905.2,XRP/USDT
1642244400000,0.7777,0.7782,0.7751,0.7763,6715710.2,XRP/USDT
1642248000000,0.7763,0.7776,0.767,0.7717,25060562.4,XRP/USDT
1642251600000,0.7716,0.7802,0.7689,0.7784,31561311.4,XRP/USDT
1642255200000,0.7784,0.7871,0.7772,0.7816,50373169.2,XRP/USDT
1642258800000,0.7816,0.7877,0.7796,0.7863,19664783.1,XRP/USDT
1642262400000,0.7863,0.788,0.7848,0.7861,12417148.4,XRP/USDT
1642266000000,0.7861,0.7867,0.7823,0.783,11371393.1,XRP/USDT
1642269600000,0.7831,0.7835,0.7814,0.7822,7429738.0,XRP/USDT
1642273200000,0.7822,0.7844,0.7815,0.7844,5783438.7,XRP/USDT
1642276800000,0.7844,0.7891,0.7841,0.7858,18954511.0,XRP/USDT
1642280400000,0.7857,0.7868,0.7821,0.7823,8488345.8,XRP/USDT
1642284000000,0.7823,0.7836,0.7803,0.7814,6591629.5,XRP/USDT
1642287600000,0.7814,0.7844,0.7786,0.7788,10079907.1,XRP/USDT
1642291200000,0.7788,0.7804,0.7757,0.7775,10136179.4,XRP/USDT
1642294800000,0.7774,0.7793,0.7753,0.7776,6705934.8,XRP/USDT
1642298400000,0.7775,0.7808,0.7721,0.7748,11291483.8,XRP/USDT
1642302000000,0.7746,0.7782,0.7724,0.7769,8650497.9,XRP/USDT
1642305600000,0.777,0.7794,0.7752,0.7788,7789554.9,XRP/USDT
1642309200000,0.7788,0.7802,0.7764,0.7764,4570869.9,XRP/USDT
1642312800000,0.7763,0.7818,0.7755,0.7812,7032340.3,XRP/USDT
1642316400000,0.7811,0.7825,0.7802,0.7804,5641806.7,XRP/USDT
1642320000000,0.7805,0.7823,0.7771,0.7777,8044217.3,XRP/USDT
1642323600000,0.7778,0.7819,0.7772,0.7807,7171241.3,XRP/USDT
1642327200000,0.7807,0.7844,0.7771,0.7773,13993944.0,XRP/USDT
1642330800000,0.7773,0.7784,0.7746,0.7764,15551884.4,XRP/USDT
1642334400000,0.7764,0.7797,0.7764,0.7775,8628089.8,XRP/USDT
1642338000000,0.7774,0.7777,0.7663,0.7761,43913777.3,XRP/USDT
1642341600000,0.7762,0.7803,0.7747,0.7783,21590926.3,XRP/USDT
1642345200000,0.7783,0.7795,0.7754,0.7769,9949831.9,XRP/USDT
1642348800000,0.7769,0.7835,0.7762,0.7822,14330143.8,XRP/USDT
1642352400000,0.7822,0.7838,0.777,0.7779,13503396.1,XRP/USDT
1642356000000,0.778,0.7823,0.777,0.7805,16912824.6,XRP/USDT
1642359600000,0.7806,0.7813,0.773,0.7749,12992767.5,XRP/USDT
1642363200000,0.7749,0.778,0.7719,0.7762,9815540.1,XRP/USDT
1642366800000,0.7762,0.7771,0.7748,0.7763,4573964.4,XRP/USDT
1642370400000,0.7764,0.7793,0.776,0.7786,5141650.0,XRP/USDT
1642374000000,0.7787,0.7806,0.777,0.778,8759675.7,XRP/USDT
1642377600000,0.778,0.78,0.7744,0.7754,11193474.8,XRP/USDT
1642381200000,0.7755,0.7763,0.7732,0.7755,7470632.8,XRP/USDT
1642384800000,0.7755,0.7761,0.7732,0.7754,8119740.7,XRP/USDT
1642388400000,0.7754,0.7766,0.7655,0.7667,16220322.5,XRP/USDT
1642392000000,0.7668,0.7685,0.7613,0.7619,24205923.7,XRP/USDT
1642395600000,0.7619,0.7621,0.755,0.7613,25752241.3,XRP/USDT
1642399200000,0.7613,0.7653,0.7607,0.7644,16991818.3,XRP/USDT
1642402800000,0.7643,0.7678,0.7638,0.7651,10990029.6,XRP/USDT
1642406400000,0.7652,0.7659,0.7596,0.7639,17793690.6,XRP/USDT
1642410000000,0.764,0.7688,0.7627,0.7681,13262310.5,XRP/USDT
1642413600000,0.768,0.7697,0.7658,0.7691,9515965.5,XRP/USDT
1642417200000,0.7691,0.7698,0.764,0.7653,11666503.8,XRP/USDT
1642420800000,0.7654,0.7659,0.7576,0.7608,20698737.7,XRP/USDT
1642424400000,0.7609,0.7641,0.7593,0.7619,9243186.7,XRP/USDT
1642428000000,0.7619,0.7644,0.7607,0.7626,8768641.9,XRP/USDT
1642431600000,0.7626,0.7632,0.7571,0.7583,16056435.2,XRP/USDT
1642435200000,0.7584,0.7598,0.751,0.7546,28412700.2,XRP/USDT
1642438800000,0.7546,0.7576,0.7491,0.7552,23221765.7,XRP/USDT
1642442400000,0.7553,0.7604,0.752,0.7603,15427127.9,XRP/USDT
1642446000000,0.7602,0.7643,0.759,0.7632,11880489.7,XRP/USDT
1642449600000,0.7631,0.7647,0.7606,0.7612,9708571.9,XRP/USDT
1642453200000,0.7613,0.7627,0.75,0.7526,21144595.7,XRP/USDT
1642456800000,0.7526,0.7642,0.7505,0.759,14083776.1,XRP/USDT
1642460400000,0.759,0.7639,0.759,0.7614,10521046.2,XRP/USDT
1642464000000,0.7615,0.7683,0.7606,0.7665,15476761.3,XRP/USDT
1642467600000,0.7665,0.7685,0.7634,0.7649,9362182.2,XRP/USDT
1642471200000,0.765,0.7658,0.7613,0.7624,9005532.8,XRP/USDT
1642474800000,0.7625,0.7631,0.7548,0.7567,12328110.5,XRP/USDT
1642478400000,0.7567,0.758,0.7501,0.7523,15621816.5,XRP/USDT
1642482000000,0.7523,0.7577,0.7509,0.7562,11157005.7,XRP/USDT
1642485600000,0.7562,0.7623,0.756,0.7608,11255599.8,XRP/USDT
1642489200000,0.7609,0.7621,0.7541,0.7564,11503239.0,XRP/USDT
1642492800000,0.7563,0.7568,0.7423,0.7433,32488400.6,XRP/USDT
1642496400000,0.7434,0.7468,0.7345,0.7459,39670683.2,XRP/USDT
1642500000000,0.7459,0.7493,0.7445,0.7452,19624020.6,XRP/USDT
1642503600000,0.7453,0.7478,0.7427,0.7469,14572095.5,XRP/USDT
1642507200000,0.7468,0.7484,0.7412,0.7453,14162401.8,XRP/USDT
1642510800000,0.7454,0.7465,0.7383,0.7435,20625538.9,XRP/USDT
1642514400000,0.7436,0.7449,0.7369,0.7413,23513342.3,XRP/USDT
1642518000000,0.7413,0.7488,0.7394,0.7432,17765518.1,XRP/USDT
1642521600000,0.7433,0.7486,0.74,0.7468,13143685.8,XRP/USDT
1642525200000,0.7468,0.7474,0.7417,0.7423,11471650.4,XRP/USDT
1642528800000,0.7423,0.7461,0.74,0.7448,13231203.2,XRP/USDT
1642532400000,0.7448,0.7495,0.7442,0.7482,9978530.9,XRP/USDT
1642536000000,0.7482,0.7497,0.7425,0.7471,10019077.4,XRP/USDT
1642539600000,0.7472,0.7571,0.746,0.7552,20023039.0,XRP/USDT
1642543200000,0.7553,0.7594,0.7531,0.7564,11554119.0,XRP/USDT
1642546800000,0.7564,0.7568,0.7503,0.7504,13192792.7,XRP/USDT
1642550400000,0.7504,0.753,0.7476,0.7487,15644964.1,XRP/USDT
1642554000000,0.7488,0.751,0.748,0.7497,9354324.3,XRP/USDT
1642557600000,0.7497,0.7508,0.7463,0.7476,7980114.3,XRP/USDT
1642561200000,0.7476,0.7479,0.7358,0.7408,40315502.4,XRP/USDT
1642564800000,0.7408,0.7447,0.7388,0.7419,15239949.1,XRP/USDT
1642568400000,0.7419,0.7449,0.7415,0.7444,8374998.3,XRP/USDT
1642572000000,0.7444,0.745,0.7405,0.7412,10887749.9,XRP/USDT
1642575600000,0.7411,0.7411,0.725,0.7282,48329125.2,XRP/USDT
1642579200000,0.7283,0.7292,0.7229,0.7288,27376318.1,XRP/USDT
1642582800000,0.7289,0.7331,0.727,0.7317,21114043.0,XRP/USDT
1642586400000,0.7317,0.7329,0.7264,0.7304,15321287.7,XRP/USDT
1642590000000,0.7304,0.7394,0.7301,0.7377,29734587.2,XRP/USDT
1642593600000,0.7376,0.7415,0.7351,0.7369,24629323.6,XRP/USDT
1642597200000,0.7368,0.742,0.7366,0.7393,16686312.5,XRP/USDT
1642600800000,0.7391,0.746,0.7368,0.7454,18072076.9,XRP/USDT
1642604400000,0.7454,0.746,0.7354,0.7381,19595986.6,XRP/USDT
1642608000000,0.7382,0.7401,0.7333,0.7394,17343344.7,XRP/USDT
1642611600000,0.7394,0.7439,0.7365,0.7397,16969244.6,XRP/USDT
1642615200000,0.7398,0.7401,0.7359,0.7388,13703065.3,XRP/USDT
1642618800000,0.7388,0.741,0.7367,0.7403,10232308.1,XRP/USDT
1642622400000,0.7403,0.7407,0.7374,0.7382,9434170.9,XRP/USDT
1642626000000,0.7381,0.7424,0.7381,0.7394,10018889.7,XRP/USDT
1642629600000,0.7395,0.7438,0.7383,0.7433,5995718.1,XRP/USDT
1642633200000,0.7433,0.7434,0.7373,0.7379,8376721.1,XRP/USDT
1642636800000,0.7378,0.7411,0.7374,0.74,10998885.3,XRP/USDT
1642640400000,0.74,0.7419,0.737,0.7419,14129089.3,XRP/USDT
1642644000000,0.7418,0.7486,0.7402,0.7413,26202081.1,XRP/USDT
1642647600000,0.7413,0.7434,0.741,0.7431,6378146.5,XRP/USDT
1642651200000,0.7431,0.7469,0.7419,0.7441,10247667.4,XRP/USDT
1642654800000,0.7441,0.7455,0.7422,0.7443,7198069.2,XRP/USDT
1642658400000,0.7444,0.7481,0.744,0.7473,9804356.3,XRP/USDT
1642662000000,0.7473,0.7476,0.7449,0.7454,10435838.7,XRP/USDT
1642665600000,0.7455,0.7462,0.7428,0.7438,10347795.0,XRP/USDT
1642669200000,0.7439,0.7445,0.7411,0.7426,13001553.1,XRP/USDT
1642672800000,0.7425,0.743,0.7396,0.7399,12692765.8,XRP/USDT
1642676400000,0.7399,0.743,0.7399,0.7422,8024778.3,XRP/USDT
1642680000000,0.7422,0.744,0.7401,0.7418,12056429.8,XRP/USDT
1642683600000,0.7418,0.7496,0.7411,0.7484,18223843.5,XRP/USDT
1642687200000,0.7485,0.758,0.7484,0.7557,31131623.5,XRP/USDT
1642690800000,0.7558,0.7613,0.754,0.7592,32467560.6,XRP/USDT
1642694400000,0.7591,0.7616,0.7569,0.758,16881347.3,XRP/USDT
1642698000000,0.7581,0.7594,0.7547,0.7552,10400412.2,XRP/USDT
1642701600000,0.7552,0.7578,0.7528,0.7534,13023173.2,XRP/USDT
1642705200000,0.7534,0.7601,0.7511,0.7575,18875878.4,XRP/USDT
1642708800000,0.7574,0.759,0.7513,0.7538,11641740.7,XRP/USDT
1642712400000,0.7539,0.754,0.7317,0.7323,45245156.4,XRP/USDT
1642716000000,0.7322,0.7378,0.7264,0.733,48590604.1,XRP/USDT
1642719600000,0.7331,0.7334,0.7154,0.7194,49692689.5,XRP/USDT
1642723200000,0.7193,0.7283,0.7102,0.7254,44236707.1,XRP/USDT
1642726800000,0.7254,0.7263,0.696,0.6984,59926677.9,XRP/USDT
1642730400000,0.6985,0.7194,0.6967,0.7075,50669207.9,XRP/USDT
1642734000000,0.7074,0.7095,0.6864,0.6901,75952503.8,XRP/USDT
1642737600000,0.6901,0.6991,0.6898,0.6959,28899371.1,XRP/USDT
1642741200000,0.6959,0.6989,0.6912,0.6915,28404663.9,XRP/USDT
1642744800000,0.6914,0.6927,0.682,0.685,52925139.6,XRP/USDT
1642748400000,0.6851,0.6958,0.6834,0.6944,25063549.0,XRP/USDT
1642752000000,0.6943,0.6969,0.6911,0.6941,21343996.2,XRP/USDT
1642755600000,0.6941,0.6949,0.6881,0.6908,17123957.3,XRP/USDT
1642759200000,0.6907,0.6936,0.6892,0.691,12194725.6,XRP/USDT
1642762800000,0.691,0.6916,0.6841,0.6874,24582336.0,XRP/USDT
1642766400000,0.6873,0.6882,0.6591,0.6753,110442066.1,XRP/USDT
1642770000000,0.6752,0.682,0.6701,0.6774,43687619.0,XRP/USDT
1642773600000,0.6775,0.6841,0.6735,0.6762,37968567.4,XRP/USDT
1642777200000,0.6762,0.6851,0.668,0.6812,44151730.0,XRP/USDT
1642780800000,0.6814,0.6866,0.6775,0.6802,33197160.9,XRP/USDT
1642784400000,0.6802,0.6808,0.6725,0.6747,20756070.8,XRP/USDT
1642788000000,0.6747,0.6787,0.6664,0.67,33245647.7,XRP/USDT
1642791600000,0.67,0.6744,0.6648,0.6658,24000760.2,XRP/USDT
1642795200000,0.6658,0.6712,0.6502,0.6675,78904637.7,XRP/USDT
1642798800000,0.6675,0.6748,0.6093,0.6313,191149712.7,XRP/USDT
1642802400000,0.6313,0.645,0.6147,0.6332,105652942.9,XRP/USDT
1642806000000,0.6333,0.6434,0.6171,0.6364,99171426.3,XRP/USDT
1642809600000,0.6362,0.6453,0.6291,0.6385,49923086.2,XRP/USDT
1642813200000,0.6385,0.6522,0.6354,0.6476,49121947.0,XRP/USDT
1642816800000,0.6475,0.6482,0.6383,0.6419,30049596.2,XRP/USDT
1642820400000,0.6418,0.6535,0.6343,0.6388,62376972.2,XRP/USDT
1642824000000,0.6389,0.6469,0.6351,0.6415,32223791.4,XRP/USDT
1642827600000,0.6414,0.6464,0.617,0.6227,63971906.4,XRP/USDT
1642831200000,0.6226,0.6269,0.6041,0.6144,78421164.9,XRP/USDT
1642834800000,0.6144,0.621,0.5942,0.5988,79846820.5,XRP/USDT
1642838400000,0.599,0.6109,0.599,0.6032,45780959.2,XRP/USDT
1642842000000,0.6032,0.6084,0.568,0.5731,128123084.7,XRP/USDT
1642845600000,0.5732,0.5967,0.5468,0.588,215480364.0,XRP/USDT
1642849200000,0.5878,0.5921,0.5759,0.5869,61491372.2,XRP/USDT
1642852800000,0.5869,0.6059,0.5843,0.6031,61848084.2,XRP/USDT
1642856400000,0.603,0.6128,0.5987,0.6012,47862696.3,XRP/USDT
1642860000000,0.6011,0.6025,0.5872,0.5877,41150578.6,XRP/USDT
1642863600000,0.5877,0.592,0.5721,0.5738,58374767.8,XRP/USDT
1642867200000,0.5738,0.5899,0.5669,0.5832,75419265.2,XRP/USDT
1642870800000,0.5832,0.5879,0.565,0.5681,64620111.7,XRP/USDT
1642874400000,0.5679,0.587,0.5621,0.5706,90497163.3,XRP/USDT
1642878000000,0.5706,0.5911,0.5703,0.5796,65642682.7,XRP/USDT
1642881600000,0.5796,0.6025,0.5756,0.5998,90560011.5,XRP/USDT
1642885200000,0.5997,0.607,0.5939,0.6004,33661794.1,XRP/USDT
1642888800000,0.6005,0.6011,0.5839,0.5859,24619596.9,XRP/USDT
1642892400000,0.5859,0.5969,0.5853,0.5962,26412036.8,XRP/USDT
1642896000000,0.5963,0.6067,0.5917,0.6056,29850324.2,XRP/USDT
1642899600000,0.6056,0.6099,0.6024,0.6043,23686386.1,XRP/USDT
1642903200000,0.6043,0.6047,0.5895,0.5903,22177342.0,XRP/USDT
1642906800000,0.5903,0.5999,0.5902,0.5992,18515565.5,XRP/USDT
1642910400000,0.5991,0.6063,0.5971,0.6055,16163149.5,XRP/USDT
1642914000000,0.6056,0.6178,0.5999,0.614,38521422.3,XRP/USDT
1642917600000,0.614,0.6151,0.6069,0.6089,24695447.4,XRP/USDT
1642921200000,0.6089,0.6182,0.6078,0.6149,28764181.1,XRP/USDT
1642924800000,0.6148,0.6198,0.6115,0.6169,32933944.9,XRP/USDT
1642928400000,0.617,0.6267,0.6131,0.6221,46990008.3,XRP/USDT
1642932000000,0.6221,0.6246,0.616,0.6229,36443372.9,XRP/USDT
1642935600000,0.6231,0.6237,0.6143,0.6159,24648460.9,XRP/USDT
1642939200000,0.6158,0.6174,0.6121,0.6166,24122088.1,XRP/USDT
1642942800000,0.6165,0.6253,0.6154,0.6235,23456119.8,XRP/USDT
1642946400000,0.6234,0.6262,0.5987,0.6062,57095991.8,XRP/USDT
1642950000000,0.6062,0.6079,0.5985,0.6038,28995599.3,XRP/USDT
1642953600000,0.6038,0.61,0.6001,0.6025,32293068.5,XRP/USDT
1642957200000,0.6026,0.6089,0.6012,0.6058,17626437.1,XRP/USDT
1642960800000,0.6057,0.6082,0.5946,0.5972,27949579.9,XRP/USDT
1642964400000,0.5974,0.6016,0.5894,0.5935,33598652.1,XRP/USDT
1642968000000,0.5935,0.6077,0.5918,0.6056,29941951.9,XRP/USDT
1642971600000,0.6056,0.6096,0.5995,0.6044,23246563.8,XRP/USDT
1642975200000,0.6044,0.6095,0.6022,0.6091,13675247.1,XRP/USDT
1642978800000,0.6091,0.6349,0.6069,0.6281,63225684.4,XRP/USDT
1642982400000,0.6281,0.6286,0.6152,0.616,31107941.2,XRP/USDT
1642986000000,0.616,0.6207,0.6108,0.6118,17718086.7,XRP/USDT
1642989600000,0.6119,0.613,0.6069,0.608,21848878.6,XRP/USDT
1642993200000,0.608,0.6134,0.6075,0.6126,14533939.6,XRP/USDT
1642996800000,0.6127,0.6153,0.6043,0.6056,18930962.0,XRP/USDT
1643000400000,0.6057,0.6074,0.6,0.6064,22375993.6,XRP/USDT
1643004000000,0.6064,0.6109,0.6035,0.6077,14682029.0,XRP/USDT
1643007600000,0.6077,0.6078,0.5983,0.5994,27989270.4,XRP/USDT
1643011200000,0.5995,0.6072,0.5911,0.5937,53608094.3,XRP/USDT
1643014800000,0.5938,0.5963,0.5765,0.5811,67802570.0,XRP/USDT
1643018400000,0.5812,0.5835,0.5604,0.5612,110745625.8,XRP/USDT
1643022000000,0.5613,0.577,0.5588,0.5676,68983395.2,XRP/USDT
1643025600000,0.5675,0.5718,0.5562,0.5608,56970079.1,XRP/USDT
1643029200000,0.5607,0.5679,0.5521,0.5605,91796093.9,XRP/USDT
1643032800000,0.5606,0.5787,0.5555,0.5684,78626511.0,XRP/USDT
1643036400000,0.5684,0.5848,0.5576,0.582,86513711.9,XRP/USDT
1643040000000,0.5822,0.5856,0.569,0.5765,50098011.8,XRP/USDT
1643043600000,0.5768,0.5906,0.5682,0.5878,55374566.9,XRP/USDT
1643047200000,0.5877,0.5995,0.5842,0.5954,52464893.7,XRP/USDT
1643050800000,0.5953,0.5976,0.5892,0.5966,27471072.1,XRP/USDT
1643054400000,0.5966,0.6221,0.5951,0.6184,51211825.6,XRP/USDT
1643058000000,0.6185,0.6187,0.6106,0.6111,27409253.9,XRP/USDT
1643061600000,0.6111,0.6136,0.6055,0.6078,18201170.0,XRP/USDT
1643065200000,0.6077,0.6145,0.6077,0.6116,16874786.9,XRP/USDT
1643068800000,0.6115,0.6118,0.596,0.5969,27942514.3,XRP/USDT
1643072400000,0.5969,0.6012,0.5969,0.5992,18427761.1,XRP/USDT
1643076000000,0.5993,0.6049,0.598,0.6045,14046458.5,XRP/USDT
1643079600000,0.6045,0.6058,0.5989,0.6005,16927521.8,XRP/USDT
1643083200000,0.6005,0.6021,0.5926,0.5933,18074905.8,XRP/USDT
1643086800000,0.5933,0.5967,0.5925,0.5964,12656681.6,XRP/USDT
1643090400000,0.5963,0.5983,0.5901,0.5903,16488377.0,XRP/USDT
1643094000000,0.5904,0.5943,0.5869,0.593,20084933.2,XRP/USDT
1643097600000,0.5929,0.5992,0.5914,0.5935,25755869.9,XRP/USDT
1643101200000,0.5935,0.6019,0.5921,0.6004,19888539.4,XRP/USDT
1643104800000,0.6005,0.6095,0.5998,0.6031,24892955.0,XRP/USDT
1643108400000,0.6031,0.6066,0.598,0.5998,22992034.1,XRP/USDT
1643112000000,0.5998,0.6109,0.598,0.6043,28361825.6,XRP/USDT
1643115600000,0.6044,0.6058,0.5957,0.601,27615059.1,XRP/USDT
1643119200000,0.601,0.611,0.5965,0.5971,51869402.6,XRP/USDT
1643122800000,0.597,0.607,0.5909,0.6012,50271943.4,XRP/USDT
1643126400000,0.6012,0.6092,0.6003,0.6048,25083618.4,XRP/USDT
1643130000000,0.6048,0.6145,0.6038,0.611,28071429.3,XRP/USDT
1643133600000,0.6109,0.6171,0.6087,0.6167,18464487.6,XRP/USDT
1643137200000,0.6166,0.6172,0.6084,0.6112,23317578.8,XRP/USDT
1643140800000,0.6113,0.612,0.6052,0.6078,23311836.5,XRP/USDT
1643144400000,0.6078,0.6086,0.602,0.6048,17008419.2,XRP/USDT
1643148000000,0.6048,0.6221,0.6046,0.6221,20719497.2,XRP/USDT
1643151600000,0.6221,0.6242,0.612,0.6175,48366292.5,XRP/USDT
1643155200000,0.6175,0.6189,0.6099,0.6118,25691772.2,XRP/USDT
1643158800000,0.6119,0.614,0.6081,0.6122,14197268.7,XRP/USDT
1643162400000,0.6122,0.6218,0.6117,0.6145,22774595.9,XRP/USDT
1643166000000,0.6145,0.622,0.6143,0.6198,18976383.0,XRP/USDT
1643169600000,0.6198,0.6323,0.6188,0.6302,26491601.7,XRP/USDT
